Муниципалитет,Этап олимпиады,Год проведения,Количество участников,Количество призёров,Процент призёров,Средний балл по этапу
Менделеевск,Муниципальный,2024,127,26,20.47,80.83
Лениногорск,Муниципальный,2015,22,10,45.45,82.28
Апастово,Заключительный,2018,127,17,13.39,ошибка
Азнакаево,Региональный,2015,158,37,23.42,62.94
Чистополь,Заключительный,2023,36,8,22.22,65.16
Набережные Челны,Региональный,2016,189,42,22.22,50.91
Альметьевск,Региональный,2024,158,23,14.56,94.51
Менделеевск,Заключительный,2024,,0,ошибка,80.31
Мамадыш,Заключительный,2018,72,12,16.67,49.25
Кукмор,Школьный,2017,77,9,ошибка,67.81
Лениногорск,Муниципальный,2016,49,16,32.65,42.94
Заинск,Заключительный,2022,36,15,41.67,79.02
Бугульма,Муниципальный,2019,88,29,32.95,71.04
Мамадыш,Региональный,2019.0,155,10,ошибка,43.22
Агрыз,Муниципальный,2019,105,17,16.19,89.25
Буинск,Региональный,2015,,0,,
Апастово,Муниципальный,2023,103,6,5.83,96.45
Агрыз,Муниципальный,2023,47,,,55.13
Елабуга,Муниципальный,2020,118,13,11.02,53.22
Азнакаево,Муниципальный,2017,22,4,ошибка,98.68
Заинск,Региональный,2021,141,60,42.55,92.4
Елабуга,Региональный,2019,75,36,48.0,83.61
Арск,Муниципальный,2018.0,21,,,66.23
Альметьевск,Заключительный,2022,126,16,12.7,61.38
Арск,Региональный,2015,18,3,16.67,
Альметьевск,Школьный,2015,133,22,16.54,43.32
Бугульма,Школьный,2022,,0,ошибка,55.95
Набережные Челны,Заключительный,2016,63,23,36.51,48.23
Азнакаево,Школьный,2024,103,13,ошибка,70.59
Бавлы,Школьный,2020,49,13,26.53,93.81
Мамадыш,Заключительный,2024,34,12,35.29,69.61
Мамадыш,Заключительный,2016,ошибка,0,ошибка,52.38
Казань,Региональный,2017,169,64,37.87,70.54
Кукмор,Заключительный,2018,76,16,21.05,67.48
Бавлы,Региональный,2015,90,13,14.44,42.07
Елабуга,Заключительный,2018,166,44,26.51,45.55
Агрыз,Муниципальный,2022,52,17,32.69,53.76
Лениногорск,Муниципальный,2017,,,,62.98
Буинск,Школьный,2023,57,1,1.75,-1
Азнакаево,Муниципальный,2022,164,50,30.49,
Мамадыш,Школьный,2024.0,10,3,30.0,76.87
Арск,Региональный,2023,70,4,5.71,41.35
Лениногорск,Региональный,2022,108,48,ошибка,73.21
Балтаси,Муниципальный,2015,,0,ошибка,83.85
Зеленодольск,Школьный,2021,63,24,38.1,57.15
Бавлы,Региональный,2021,,0,,57.67
Тетюши,Муниципальный,2018,35,10,28.57,99.21
Елабуга,Заключительный,2017.0,183,86,46.99,ошибка
Заинск,Заключительный,2017,113,,ошибка,77.55
Апастово,Муниципальный,2022,111,13,11.71,60.68
Азнакаево,Муниципальный,2024,10,5,50.0,99.55
Азнакаево,Региональный,2016,130,49,37.69,95.89
Заинск,Заключительный,2017,ошибка,0,,55.89
Заинск,Заключительный,2023,114,15,13.16,79.29
Заинск,Школьный,2018,196,97,49.49,91.52
Бугульма,Школьный,2024.0,168,56,33.33,81.25
Зеленодольск,Школьный,2023,139,47,33.81,85.0
Набережные Челны,Муниципальный,2015,,0,ошибка,
Лениногорск,Региональный,2019,98,40,40.82,-1
Бавлы,Школьный,2023,105,35,33.33,78.79
Агрыз,Школьный,2020,142,43,ошибка,59.75
Казань,Муниципальный,2016,10,3,30.0,82.95
Тетюши,Муниципальный,2018.0,135,54,40.0,46.57
Арск,Региональный,2017,175,34,19.43,95.28
Бугульма,Региональный,2023,,0,,92.09
Заинск,Заключительный,2017,111,54,48.65,47.72
Агрыз,Школьный,2023,112,,,72.82
Менделеевск,Региональный,2022,120,,,76.63
Азнакаево,Заключительный,2023,105,51,ошибка,60.63
Казань,Муниципальный,2024,88,20,22.73,71.27
Альметьевск,Школьный,2022,76,8,10.53,79.73
Кукмор,Заключительный,2021,16,8,ошибка,58.83
Заинск,Муниципальный,2019,160,15,ошибка,44.78
Менделеевск,Школьный,2023,25,,,66.29
Балтаси,Заключительный,2018,10,0,ошибка,55.18
Агрыз,Региональный,2020,,0,,47.02
Альметьевск,Школьный,2015,33,11,33.33,47.52
Арск,Заключительный,2021,92,2,2.17,93.25
Кукмор,Региональный,2021,81,8,9.88,92.72
Агрыз,Школьный,2018,72,17,23.61,67.28
Апастово,Муниципальный,2019,75,13,17.33,66.37
Мамадыш,Региональный,2022,,,,47.16
Балтаси,Школьный,2022,12,,,
Бугульма,Заключительный,2024,63,12,19.05,50.9
Зеленодольск,Региональный,2016,176,42,23.86,71.32
Апастово,Региональный,2018,83,5,ошибка,76.67
Арск,Школьный,2020,188,59,31.38,42.2
Тетюши,Заключительный,2017,151,3,1.99,44.25
Бугульма,Школьный,2020,146,20,13.7,62.1
Казань,Муниципальный,2024,,0,,45.93
Азнакаево,Региональный,2024,37,10,27.03,92.28
Чистополь,Заключительный,2022,,,,45.53
Агрыз,Муниципальный,2022.0,54,11,ошибка,49.24
Менделеевск,Муниципальный,2022,138,45,32.61,49.97
Балтаси,Региональный,2022,84,21,25.0,83.91
Бавлы,Заключительный,2023,24,5,20.83,87.23
Лениногорск,Заключительный,2020.0,23,ошибка,,47.51
Менделеевск,Заключительный,2022,89,24,26.97,87.93
Набережные Челны,Школьный,2021,127,58,45.67,69.3
Балтаси,Школьный,2015,170,43,ошибка,59.07
Бугульма,Региональный,2019,84,,,70.02
Менделеевск,Региональный,2020,83,12,14.46,77.87
Тетюши,Школьный,2021,71,2,2.82,73.39
Тетюши,Муниципальный,2015,130,28,21.54,97.43
Кукмор,Заключительный,2024.0,118,33,27.97,52.87
Елабуга,Региональный,2019,,0,,64.84
Кукмор,Региональный,2018,174,21,12.07,43.81
Бавлы,Заключительный,2017,166,42,25.3,45.01
Арск,Муниципальный,2020,27,11,40.74,
Заинск,Региональный,2016,191,57,ошибка,80.03
Чистополь,Заключительный,2017,10,1,ошибка,81.83
Арск,Заключительный,2019,66,27,40.91,95.24
Альметьевск,Заключительный,2016,,0,,44.5
Набережные Челны,Школьный,2024,159,37,23.27,64.09
Чистополь,Школьный,2023,129,54,41.86,92.04
Бугульма,Муниципальный,2023,152,47,30.92,46.43
Чистополь,Региональный,2019,137,13,9.49,65.37
Буинск,Муниципальный,2018,134,54,40.3,73.99
Альметьевск,Заключительный,2020,101,12,11.88,86.57
Менделеевск,Региональный,2022,35,5,14.29,
Альметьевск,Школьный,2023,31,15,48.39,90.21
Казань,Заключительный,2024,198,90,45.45,60.05
Чистополь,Школьный,2021,21,10,47.62,68.5
Агрыз,Региональный,2018,24,,,51.03
Лениногорск,Муниципальный,2022,ошибка,0,ошибка,82.73
Азнакаево,Школьный,2018,163,15,9.2,93.66
Менделеевск,Региональный,2015,,0,,62.15
Балтаси,Региональный,2023.0,40,4,ошибка,54.26
Бавлы,Муниципальный,2021.0,173,38,21.97,62.3
Заинск,Муниципальный,2021,39,8,20.51,
Альметьевск,Муниципальный,2023,192,32,16.67,85.14
Чистополь,Заключительный,2022,145,27,18.62,
Менделеевск,Школьный,2015,89,22,24.72,73.91
Менделеевск,Муниципальный,2024,85,11,ошибка,69.73
Азнакаево,Заключительный,2023,10,3,30.0,83.17
Агрыз,Школьный,2018,10,0,,67.27
Буинск,Школьный,2017,106,37,34.91,65.57
Балтаси,Муниципальный,2019,ошибка,0,,43.94
Бавлы,Муниципальный,2022,172,,,69.68
Зеленодольск,Муниципальный,2020,67,21,31.34,90.92
Зеленодольск,Региональный,2018,16,2,12.5,97.44
Кукмор,Муниципальный,2015,91,44,48.35,89.94
Менделеевск,Региональный,2015,65,30,ошибка,-1
Заинск,Школьный,2022,,0,,50.59
Тетюши,Региональный,2020,24,10,ошибка,85.4
Балтаси,Школьный,2024,140,22,15.71,62.63
Мамадыш,Региональный,2016,44,1,2.27,41.14
Елабуга,Заключительный,2018,129,33,25.58,70.29
Менделеевск,Муниципальный,2022,60,26,43.33,50.89
Агрыз,Муниципальный,2017,67,25,37.31,50.52
Зеленодольск,Заключительный,2021,64,11,ошибка,58.38
Балтаси,Региональный,2023,167,19,11.38,
Альметьевск,Региональный,2018,36,16,ошибка,50.0
Азнакаево,Школьный,2023,168,29,17.26,
Елабуга,Школьный,2019,79,21,26.58,ошибка
Апастово,Муниципальный,2024,30,1,3.33,44.73
Альметьевск,Муниципальный,2023,ошибка,0,,
Бугульма,Заключительный,2017,139,59,42.45,62.7
Зеленодольск,Региональный,2018,58,18,ошибка,48.11
Менделеевск,Заключительный,2024,166,68,ошибка,86.62
Бавлы,Муниципальный,2022,52,5,9.62,92.93
Тетюши,Региональный,2020,21,10,47.62,75.84
Менделеевск,Региональный,2016,137,38,27.74,40.3
Бавлы,Муниципальный,2024,196,95,48.47,92.88
Агрыз,Заключительный,2016,172,ошибка,,98.49
Елабуга,Школьный,2023,158,,ошибка,44.03
Апастово,Региональный,2024,69,33,47.83,94.67
Мамадыш,Школьный,2020,ошибка,0,,
Кукмор,Заключительный,2021,130,3,2.31,64.28
Азнакаево,Муниципальный,2015,,0,,40.36
Елабуга,Муниципальный,2016,ошибка,0,,89.61
Агрыз,Заключительный,2016,41,11,26.83,44.9
Балтаси,Региональный,2019,121,23,19.01,44.67
Тетюши,Муниципальный,2019,124,31,25.0,93.09
Елабуга,Школьный,2019.0,,0,ошибка,99.78
Арск,Региональный,2018,19,8,42.11,46.99
Елабуга,Муниципальный,2021,15,6,40.0,73.58
Агрыз,Заключительный,2021,ошибка,0,ошибка,89.05
Агрыз,Школьный,2023,108,10,9.26,73.56
Балтаси,Заключительный,2015,95,29,ошибка,41.09
Лениногорск,Региональный,2015,151,73,48.34,59.96
Заинск,Региональный,2023,,0,,78.96
Балтаси,Региональный,2019,18,9,50.0,91.61
Бугульма,Муниципальный,2022,,0,,97.98
Буинск,Школьный,2015,105,47,44.76,69.37
Менделеевск,Школьный,2016,10,0,ошибка,68.35
Тетюши,Региональный,2016,44,18,40.91,67.5
Бугульма,Заключительный,2017,118,44,37.29,77.86
Арск,Заключительный,2018.0,56,25,44.64,77.63
Менделеевск,Школьный,2022,147,18,12.24,57.22
Арск,Заключительный,2024,54,10,ошибка,61.18
Арск,Муниципальный,2023.0,61,3,4.92,43.55
Елабуга,Муниципальный,2020,123,58,47.15,83.65
Зеленодольск,Региональный,2015,46,7,15.22,97.31
Елабуга,Заключительный,2021,137,23,16.79,52.54
Азнакаево,Муниципальный,2024,184,50,27.17,78.48
Буинск,Региональный,2022,,0,,51.91
Менделеевск,Заключительный,2021,170,69,40.59,62.46
Бавлы,Заключительный,2017,171,15,8.77,58.39
Арск,Заключительный,2018,28,14,50.0,ошибка
Елабуга,Заключительный,2022,150,29,19.33,ошибка
Зеленодольск,Муниципальный,2016,75,28,ошибка,83.44
Бавлы,Школьный,2020,,0,,75.94
Кукмор,Региональный,2022,38,11,28.95,
Тетюши,Заключительный,2016,106,ошибка,,45.46
Бугульма,Муниципальный,2022.0,ошибка,0,,98.41
Елабуга,Муниципальный,2016,35,13,37.14,89.03
Арск,Региональный,2015.0,178,79,ошибка,80.26
Набережные Челны,Школьный,2024,139,22,15.83,ошибка
Арск,Региональный,2020,107,ошибка,,
Арск,Школьный,2019,,0,,68.28
Бавлы,Школьный,2022,10,4,40.0,79.05
Балтаси,Региональный,2024,,0,,74.95
Набережные Челны,Муниципальный,2019,86,3,3.49,59.34
Балтаси,Муниципальный,2019,,0,,99.26
Кукмор,Муниципальный,2023,52,7,13.46,57.69
Балтаси,Заключительный,2019,,0,ошибка,55.44
Набережные Челны,Заключительный,2023,,0,ошибка,83.92
Альметьевск,Школьный,2018,,0,ошибка,80.07
Лениногорск,Муниципальный,2017,194,,,71.68
Набережные Челны,Муниципальный,2020,80,,,62.32
Менделеевск,Школьный,2021.0,154,33,ошибка,47.59
Елабуга,Заключительный,2020.0,96,1,1.04,50.56
Альметьевск,Школьный,2015,79,9,11.39,41.56
Тетюши,Муниципальный,2017,128,34,26.56,53.16
Альметьевск,Школьный,2018,188,16,8.51,
Казань,Заключительный,2016.0,149,49,ошибка,62.35
Балтаси,Школьный,2016,104,26,25.0,85.36
Бугульма,Заключительный,2015,158,18,11.39,96.03
Агрыз,Муниципальный,2024,111,16,14.41,94.86
Бугульма,Школьный,2022,72,12,16.67,77.72
Заинск,Региональный,2015,73,1,1.37,82.59
Буинск,Школьный,2023,147,11,7.48,95.4
Буинск,Заключительный,2020,48,ошибка,ошибка,71.67
Балтаси,Школьный,2015,54,3,5.56,53.27
Азнакаево,Муниципальный,2022,184,13,7.07,58.84
Тетюши,Региональный,2024,,0,,87.52
Азнакаево,Муниципальный,2019,60,2,3.33,
Азнакаево,Муниципальный,2023,118,5,4.24,98.23
Мамадыш,Региональный,2022,97,5,5.15,52.11
Агрыз,Заключительный,2018,27,10,ошибка,46.95
Тетюши,Региональный,2020,127,,,76.32
Набережные Челны,Муниципальный,2017,,0,,72.19
Бавлы,Региональный,2024,ошибка,,,75.6
Арск,Муниципальный,2024,151,35,23.18,
Кукмор,Школьный,2018,114,54,47.37,63.97
Набережные Челны,Региональный,2021,90,37,41.11,49.36
Балтаси,Школьный,2018,,0,,42.23
Кукмор,Заключительный,2019,,0,ошибка,89.22
Казань,Школьный,2016.0,103,,,40.02
Арск,Школьный,2017,93,23,ошибка,52.83
Чистополь,Школьный,2016,154,24,15.58,90.2
Чистополь,Муниципальный,2016,136,28,20.59,56.74
Бавлы,Муниципальный,2018,195,19,9.74,
Буинск,Школьный,2015,28,7,ошибка,
Азнакаево,Школьный,2021,96,,,68.03
Заинск,Региональный,2016,43,7,16.28,40.08
Агрыз,Школьный,2024,,0,,47.91
Кукмор,Заключительный,2021,153,13,ошибка,70.41
Бавлы,Региональный,2017.0,197,9,4.57,66.39
Альметьевск,Муниципальный,2021,,0,,98.2
Бавлы,Муниципальный,2017,,0,,81.72
Альметьевск,Муниципальный,2022,193,26,13.47,71.32
Азнакаево,Заключительный,2024,162,62,ошибка,
Набережные Челны,Муниципальный,2021,19,1,5.26,-1
Заинск,Региональный,2015,58,16,ошибка,96.73
Бавлы,Школьный,2022,115,,,
Заинск,Муниципальный,2018,96,15,15.62,84.47
Зеленодольск,Региональный,2017,157,34,21.66,51.17
Балтаси,Региональный,2019,107,20,ошибка,81.43
Зеленодольск,Школьный,2020,115,39,ошибка,-1
Арск,Заключительный,2016,,0,,56.18
Кукмор,Заключительный,2021,37,12,32.43,43.02
Азнакаево,Заключительный,2024,66,19,28.79,40.15
Лениногорск,Заключительный,2016,57,19,33.33,65.41
Бугульма,Региональный,2015,112,0,ошибка,93.35
Елабуга,Школьный,2016,ошибка,,,
Казань,Заключительный,2015,180,89,49.44,41.51
Буинск,Муниципальный,2019,,0,,84.35
Мамадыш,Школьный,2021,142,21,14.79,63.06
Агрыз,Муниципальный,2018,29,0,ошибка,61.14
Апастово,Заключительный,2016,12,ошибка,ошибка,46.98
Апастово,Школьный,2019,120,39,32.5,57.13
Агрыз,Муниципальный,2021,179,25,13.97,41.39
Мамадыш,Муниципальный,2024,165,,,96.24
Заинск,Региональный,2016,119,11,9.24,76.56
Арск,Муниципальный,2019,37,,ошибка,43.22
Набережные Челны,Региональный,2021.0,150,9,6.0,74.79
Чистополь,Школьный,2015,35,13,37.14,96.83
Бавлы,Школьный,2022,51,9,17.65,81.92
Азнакаево,Муниципальный,2022,106,22,20.75,89.28
Чистополь,Региональный,2021,77,10,12.99,56.56
Зеленодольск,Школьный,2023,74,35,ошибка,79.43
Заинск,Муниципальный,2017,125,ошибка,ошибка,57.22
Мамадыш,Школьный,2016,132,64,48.48,48.82
Набережные Челны,Региональный,2016,177,60,ошибка,69.24
Арск,Школьный,2017,ошибка,0,,56.07
Буинск,Заключительный,2019,20,6,30.0,65.52
Набережные Челны,Муниципальный,2017,,0,,57.86
Бугульма,Региональный,2023,,0,ошибка,84.73
Бавлы,Региональный,2018,192,ошибка,ошибка,ошибка
Менделеевск,Региональный,2017,68,11,16.18,55.77
Кукмор,Муниципальный,2021,104,5,ошибка,77.65
Апастово,Школьный,2021,114,55,48.25,72.87
Казань,Региональный,2017.0,185,3,1.62,67.62
Елабуга,Заключительный,2015,149,65,43.62,-1
Заинск,Заключительный,2017,10,3,30.0,44.19
Бугульма,Региональный,2021,79,34,43.04,61.98
Казань,Школьный,2015,,0,,87.96
Мамадыш,Заключительный,2017,56,16,28.57,86.3
Агрыз,Региональный,2022,183,88,48.09,92.58
Буинск,Региональный,2023,ошибка,0,ошибка,68.1
Балтаси,Региональный,2020,,0,,85.2
Тетюши,Региональный,2024,42,9,21.43,73.37
Тетюши,Региональный,2017,192,17,ошибка,84.36
Бавлы,Региональный,2022,29,5,ошибка,96.61
Балтаси,Муниципальный,2020,191,ошибка,,58.05
Менделеевск,Региональный,2023,153,,,61.88
Зеленодольск,Региональный,2019,185,46,24.86,62.92
Тетюши,Муниципальный,2015,48,17,35.42,77.14
Елабуга,Региональный,2018,24,10,41.67,85.13
Бавлы,Школьный,2022.0,73,6,ошибка,56.9
Буинск,Школьный,2021,190,32,16.84,75.8
Кукмор,Заключительный,2023,58,24,41.38,54.89
Набережные Челны,Муниципальный,2024,114,38,33.33,94.18
Апастово,Школьный,2017,,0,ошибка,
Мамадыш,Школьный,2015,53,3,ошибка,ошибка
Зеленодольск,Муниципальный,2016,159,17,10.69,53.89
Арск,Заключительный,2020,,0,,42.69
Альметьевск,Муниципальный,2018,159,3,1.89,66.8
Менделеевск,Заключительный,2022,135,13,9.63,69.41
Буинск,Заключительный,2020,54,14,ошибка,82.59
Чистополь,Школьный,2021,41,10,24.39,99.29
Лениногорск,Заключительный,2023,188,,,47.94
Бавлы,Заключительный,2018,28,3,10.71,77.25
Казань,Региональный,2021,134,54,40.3,-1
Заинск,Заключительный,2018.0,136,5,3.68,88.18
Альметьевск,Региональный,2021,32,14,ошибка,
Менделеевск,Школьный,2015,162,64,39.51,55.09
Казань,Школьный,2016,76,7,9.21,90.3
Зеленодольск,Муниципальный,2017,105,17,16.19,88.11
Менделеевск,Региональный,2022,132,49,37.12,51.4
Альметьевск,Региональный,2017,18,1,5.56,81.66
Тетюши,Заключительный,2024,40,,,41.73
Бугульма,Школьный,2022,129,16,12.4,62.84
Бавлы,Муниципальный,2024,52,13,25.0,48.79
Агрыз,Заключительный,2016,122,,,76.75
Бугульма,Заключительный,2023,127,39,30.71,46.23
Агрыз,Заключительный,2024,,0,ошибка,74.76
Арск,Школьный,2017,22,10,45.45,62.14
Мамадыш,Региональный,2021,101,15,14.85,49.4
Заинск,Заключительный,2021,155,52,33.55,45.68
Набережные Челны,Школьный,2018,68,22,32.35,56.71
Альметьевск,Заключительный,2019,37,12,32.43,99.54
Тетюши,Школьный,2019,39,11,28.21,82.89
Чистополь,Школьный,2019,66,32,ошибка,60.64
Мамадыш,Муниципальный,2018.0,157,6,3.82,82.65
Набережные Челны,Школьный,2020,,ошибка,,79.17
Бавлы,Заключительный,2024,165,,ошибка,54.08
Елабуга,Муниципальный,2016,187,61,32.62,
Балтаси,Региональный,2021,31,4,12.9,60.27
Менделеевск,Региональный,2018,10,1,10.0,90.09
Агрыз,Школьный,2021,53,21,ошибка,44.93
Тетюши,Заключительный,2019.0,14,5,ошибка,72.78
Тетюши,Школьный,2024,22,8,36.36,71.67
Балтаси,Региональный,2022,114,50,ошибка,97.07
Зеленодольск,Муниципальный,2019,89,34,38.2,66.95
Менделеевск,Региональный,2016,126,47,37.3,58.68
Лениногорск,Школьный,2020,,,,54.27
Балтаси,Муниципальный,2023,119,18,ошибка,59.38
Буинск,Муниципальный,2018,44,12,ошибка,
Агрыз,Заключительный,2022,83,38,ошибка,58.9
Менделеевск,Региональный,2022,ошибка,0,,92.89
Казань,Заключительный,2016,63,8,12.7,85.1
Балтаси,Региональный,2016,140,34,24.29,49.74
Менделеевск,Школьный,2015,170,25,ошибка,80.68
Бугульма,Региональный,2022,94,5,5.32,90.42
Елабуга,Региональный,2024,27,10,37.04,87.05
Зеленодольск,Заключительный,2015,66,ошибка,,56.72
Балтаси,Муниципальный,2022,141,48,34.04,75.27
Заинск,Региональный,2021,131,5,3.82,57.91
Агрыз,Региональный,2024,ошибка,0,,78.7
Чистополь,Муниципальный,2016,,0,,67.12
Казань,Школьный,2020,10,3,30.0,56.9
Азнакаево,Заключительный,2016,95,3,3.16,90.58
Апастово,Муниципальный,2024,116,2,1.72,72.47
Агрыз,Региональный,2021,161,14,8.7,ошибка
Кукмор,Заключительный,2019,64,9,14.06,62.88
Агрыз,Муниципальный,2015,60,10,16.67,43.13
Набережные Челны,Региональный,2024,,0,,83.58
Заинск,Муниципальный,2020,,0,,92.22
Зеленодольск,Школьный,2019,15,4,26.67,99.88
Апастово,Школьный,2021,135,55,40.74,60.87
Агрыз,Заключительный,2021,118,45,38.14,99.15
Чистополь,Заключительный,2021,,0,,46.0
Елабуга,Муниципальный,2017,161,46,28.57,43.5
Тетюши,Муниципальный,2015.0,33,1,3.03,-1
Тетюши,Муниципальный,2018,27,3,11.11,67.86
Казань,Заключительный,2020,122,1,0.82,
Альметьевск,Региональный,2019,184,80,ошибка,73.03
Арск,Муниципальный,2020,155,70,45.16,68.78
Зеленодольск,Региональный,2023,170,15,8.82,60.4
Зеленодольск,Школьный,2023,10,3,30.0,42.17
Заинск,Заключительный,2021,17,3,ошибка,94.15
Бугульма,Школьный,2022.0,,0,,64.47
Апастово,Школьный,2024,43,14,32.56,48.35
Лениногорск,Заключительный,2018,80,13,ошибка,88.18
Альметьевск,Муниципальный,2022,44,3,6.82,87.99
Альметьевск,Муниципальный,2024,158,ошибка,,79.02
Кукмор,Школьный,2017,178,37,20.79,53.91
Чистополь,Школьный,2024,69,8,ошибка,78.96
Заинск,Школьный,2020,118,36,30.51,47.58
Буинск,Заключительный,2020,187,67,35.83,70.56
Азнакаево,Региональный,2022,16,3,18.75,73.05
Менделеевск,Муниципальный,2019,196,39,19.9,ошибка
Апастово,Школьный,2021,86,16,18.6,68.67
Зеленодольск,Школьный,2017,42,5,11.9,-1
Набережные Челны,Муниципальный,2022,21,0,ошибка,55.5
Бугульма,Муниципальный,2020,,ошибка,,40.95
Азнакаево,Региональный,2017,33,12,ошибка,79.22
Тетюши,Школьный,2018,,0,ошибка,58.0
Мамадыш,Муниципальный,2018,,,,50.68
Арск,Школьный,2018,114,ошибка,,88.5
Менделеевск,Школьный,2024,10,1,ошибка,56.23
Арск,Региональный,2017,12,6,50.0,79.92
Азнакаево,Региональный,2016.0,141,66,46.81,46.79
Буинск,Школьный,2019,ошибка,0,,-1
Азнакаево,Муниципальный,2016,148,39,26.35,62.46
Арск,Школьный,2017,80,ошибка,,46.39
Кукмор,Заключительный,2015,175,37,21.14,53.5
Тетюши,Заключительный,2015,138,57,ошибка,99.08
Азнакаево,Заключительный,2021,ошибка,0,,72.7
Агрыз,Заключительный,2020,,0,,44.06
Елабуга,Заключительный,2022,195,57,29.23,48.06
Лениногорск,Региональный,2020,91,19,20.88,49.71
Кукмор,Школьный,2016,104,26,25.0,79.29
Балтаси,Региональный,2020,43,3,6.98,50.94
Бавлы,Школьный,2019,176,76,43.18,42.44
Азнакаево,Муниципальный,2020.0,164,70,ошибка,87.48
Апастово,Региональный,2016,172,,,63.79
Кукмор,Школьный,2020,124,52,ошибка,90.36
Кукмор,Муниципальный,2016,178,54,30.34,79.64
Заинск,Заключительный,2019,78,2,ошибка,
Менделеевск,Региональный,2017,48,21,43.75,75.86
Менделеевск,Региональный,2022,ошибка,0,,ошибка
Тетюши,Заключительный,2015,147,12,8.16,70.28
Бугульма,Школьный,2019,ошибка,0,,82.4
Агрыз,Заключительный,2024,135,58,42.96,55.47
Казань,Муниципальный,2016,77,37,48.05,76.77
Лениногорск,Муниципальный,2020,136,40,29.41,91.99
Менделеевск,Муниципальный,2015,135,19,14.07,79.46
Елабуга,Школьный,2022,73,30,41.1,63.96
Арск,Заключительный,2024,84,15,17.86,66.25
Елабуга,Региональный,2021,98,,,51.39
Чистополь,Школьный,2015,195,86,44.1,78.17
Тетюши,Заключительный,2018,37,5,ошибка,89.23
Тетюши,Школьный,2020,167,,,ошибка
Бугульма,Муниципальный,2017,106,18,16.98,68.28
Бугульма,Школьный,2018,90,16,ошибка,
Казань,Муниципальный,2015,,0,,59.66
Лениногорск,Региональный,2016,65,2,ошибка,58.49
Тетюши,Заключительный,2018.0,30,9,30.0,95.1
Кукмор,Заключительный,2023,184,8,4.35,59.24
Менделеевск,Региональный,2016,44,13,29.55,ошибка
Бугульма,Заключительный,2018,,0,,63.63
Набережные Челны,Школьный,2015,73,30,41.1,75.74
Арск,Заключительный,2019,115,16,13.91,56.05
Казань,Региональный,2016,48,,ошибка,84.34
Балтаси,Муниципальный,2022,176,82,ошибка,46.75
Казань,Региональный,2018,95,25,ошибка,94.26
Апастово,Заключительный,2019,66,28,42.42,83.59
Заинск,Муниципальный,2016,68,,,81.58
Альметьевск,Региональный,2023,57,4,ошибка,
Кукмор,Муниципальный,2023,71,9,12.68,95.97
Казань,Региональный,2018,,0,,60.45
Агрыз,Заключительный,2017.0,64,22,ошибка,52.34
Апастово,Школьный,2018,39,13,33.33,75.03
Азнакаево,Школьный,2023,144,57,ошибка,65.76
Чистополь,Заключительный,2021,175,85,48.57,59.7
Бавлы,Заключительный,2017,39,ошибка,,83.49
Буинск,Региональный,2017,169,ошибка,,46.41
Альметьевск,Заключительный,2023,40,6,15.0,74.01
Арск,Заключительный,2022,,ошибка,,
Набережные Челны,Региональный,2024,125,45,36.0,48.4
Набережные Челны,Муниципальный,2021,56,7,ошибка,59.61
Лениногорск,Муниципальный,2015,57,,,71.2
Тетюши,Муниципальный,2023,54,2,3.7,57.93
Кукмор,Региональный,2015,71,,,63.87
Бугульма,Региональный,2020,138,,,78.22
Казань,Школьный,2019,,,,78.35
Казань,Заключительный,2019,113,19,16.81,44.82
Мамадыш,Муниципальный,2017,71,13,18.31,80.44
Набережные Челны,Школьный,2018,134,13,9.7,-1
Арск,Региональный,2018,178,,ошибка,72.76
Агрыз,Заключительный,2018.0,101,8,7.92,54.45
Чистополь,Школьный,2016,165,,ошибка,71.86
Азнакаево,Школьный,2016,17,8,47.06,81.14
Тетюши,Региональный,2017,122,,ошибка,86.13
Буинск,Региональный,2017,165,70,42.42,95.35
Лениногорск,Региональный,2020.0,191,79,ошибка,
Чистополь,Региональный,2016,51,21,41.18,94.33
Агрыз,Региональный,2018,47,10,ошибка,79.84
Азнакаево,Школьный,2019,108,35,32.41,92.6
Апастово,Региональный,2020,,0,,77.87
Апастово,Школьный,2022,155,52,33.55,69.62
Заинск,Школьный,2020,121,3,2.48,51.24
Бавлы,Муниципальный,2024.0,117,33,28.21,91.2
Арск,Региональный,2024.0,62,1,1.61,92.14
Альметьевск,Региональный,2022,143,56,39.16,60.25
Лениногорск,Региональный,2024,28,13,46.43,93.34
Буинск,Заключительный,2022,147,44,ошибка,97.62
Набережные Челны,Заключительный,2016,72,30,41.67,57.96
Агрыз,Региональный,2021,73,20,27.4,85.34
Бугульма,Региональный,2024,,0,,83.78
Бугульма,Региональный,2020,127,2,1.57,90.8
Набережные Челны,Заключительный,2015,164,,ошибка,96.19
Лениногорск,Региональный,2019,151,16,10.6,50.48
Кукмор,Муниципальный,2021,151,54,35.76,
Арск,Муниципальный,2022,121,16,13.22,53.12
Апастово,Заключительный,2024,,0,,68.91
Агрыз,Региональный,2016,176,71,40.34,46.0
Апастово,Заключительный,2015,19,,,41.55
Тетюши,Региональный,2022,13,,,94.54
Апастово,Школьный,2018,,0,,78.92
Азнакаево,Школьный,2018,ошибка,0,,-1
Чистополь,Региональный,2016,193,,,68.36
Арск,Заключительный,2015,166,,ошибка,95.25
Менделеевск,Муниципальный,2020,62,15,24.19,81.84
Казань,Муниципальный,2015,,0,,54.09
Балтаси,Заключительный,2021,,0,,86.56
Тетюши,Региональный,2018,68,15,22.06,65.66
Арск,Школьный,2019,ошибка,0,,44.94
Чистополь,Муниципальный,2020,81,27,33.33,57.63
Агрыз,Муниципальный,2016,172,75,43.6,ошибка
Альметьевск,Региональный,2020,43,11,25.58,51.04
Казань,Региональный,2020,154,26,ошибка,50.56
Бугульма,Школьный,2024,156,59,37.82,65.46
Альметьевск,Муниципальный,2017.0,88,23,ошибка,75.43
Буинск,Заключительный,2018,70,26,ошибка,94.79
Лениногорск,Заключительный,2024,18,9,50.0,99.52
Лениногорск,Заключительный,2018,149,31,20.81,91.39
Мамадыш,Муниципальный,2021,126,,,55.67
Мамадыш,Региональный,2015,42,20,47.62,ошибка
Бавлы,Заключительный,2015,ошибка,0,,85.19
Набережные Челны,Заключительный,2021,149,72,48.32,92.23
Агрыз,Региональный,2020,172,60,34.88,88.74
Кукмор,Школьный,2021,,0,,60.57
Апастово,Школьный,2024,56,6,10.71,40.55
Буинск,Муниципальный,2020,189,82,43.39,71.28
Казань,Муниципальный,2018,135,57,ошибка,81.86
Апастово,Региональный,2017,105,17,16.19,76.48
Апастово,Региональный,2024,,0,,99.24
Лениногорск,Региональный,2017,28,5,17.86,93.07
Чистополь,Школьный,2024.0,20,7,35.0,93.67
Апастово,Школьный,2016,99,3,3.03,
Азнакаево,Региональный,2019,194,36,18.56,84.68
Мамадыш,Школьный,2017,151,61,40.4,42.32
Азнакаево,Муниципальный,2017,186,57,30.65,52.3
Кукмор,Муниципальный,2021,,,,76.88
Заинск,Школьный,2020,,0,,54.83
Кукмор,Школьный,2021,83,26,31.33,93.7
Чистополь,Муниципальный,2018,,0,ошибка,87.52
Бугульма,Муниципальный,2018.0,70,5,7.14,52.63
Мамадыш,Региональный,2022.0,153,ошибка,,88.71
Кукмор,Региональный,2021,40,13,ошибка,
Елабуга,Муниципальный,2018,165,46,27.88,53.63
Мамадыш,Муниципальный,2017,81,33,40.74,94.36
Арск,Региональный,2017,193,,,48.43
Елабуга,Заключительный,2016,21,5,23.81,-1
Бугульма,Региональный,2018,154,49,31.82,92.2
Тетюши,Региональный,2021,149,40,26.85,65.99
Лениногорск,Заключительный,2020,72,4,5.56,ошибка
Бугульма,Заключительный,2018,,0,,70.29
Тетюши,Школьный,2020,79,6,7.59,96.51
Заинск,Муниципальный,2018.0,70,3,ошибка,-1
Альметьевск,Муниципальный,2019,162,26,16.05,55.69
Набережные Челны,Заключительный,2018,56,7,12.5,78.73
Бугульма,Заключительный,2023,197,87,ошибка,75.4
Бугульма,Муниципальный,2017,10,3,30.0,81.25
Тетюши,Заключительный,2021,ошибка,0,,-1
Бавлы,Школьный,2020,88,25,28.41,72.38
Заинск,Муниципальный,2023,177,28,ошибка,53.94
Тетюши,Школьный,2016,52,9,17.31,51.55
Балтаси,Региональный,2019.0,38,7,ошибка,97.34
Чистополь,Муниципальный,2018,184,10,5.43,70.86
Набережные Челны,Заключительный,2017,37,18,ошибка,42.84
Апастово,Муниципальный,2020,92,19,20.65,99.15
Агрыз,Региональный,2015,184,32,17.39,74.15
Альметьевск,Школьный,2018,186,29,15.59,85.34
Чистополь,Заключительный,2023,108,47,43.52,44.57
Азнакаево,Школьный,2016,136,28,20.59,42.41
Лениногорск,Муниципальный,2016,10,0,,90.79
Кукмор,Региональный,2015,,,,61.83
Азнакаево,Муниципальный,2023,70,,,68.27
Бугульма,Муниципальный,2020.0,19,9,47.37,40.39
Заинск,Школьный,2018,56,4,ошибка,
Бавлы,Региональный,2024,174,48,27.59,64.27
Лениногорск,Муниципальный,2024,64,28,43.75,84.88
Буинск,Региональный,2016,192,22,11.46,79.38
Тетюши,Заключительный,2020,13,4,30.77,90.84
Балтаси,Региональный,2020,61,25,40.98,42.31
Альметьевск,Муниципальный,2018,26,12,ошибка,73.0
Арск,Заключительный,2019,48,20,ошибка,94.19
Арск,Заключительный,2017,194,3,1.55,45.7
Агрыз,Муниципальный,2015,39,13,33.33,55.29
Мамадыш,Муниципальный,2016,44,1,2.27,74.69
Чистополь,Муниципальный,2015,55,14,ошибка,65.67
Казань,Школьный,2022,193,44,22.8,76.16
Арск,Муниципальный,2017.0,164,,,78.13
Менделеевск,Муниципальный,2021,68,16,23.53,56.02
Зеленодольск,Региональный,2017,,0,,98.88
Мамадыш,Муниципальный,2016.0,86,1,1.16,89.95
Балтаси,Заключительный,2015,56,24,42.86,99.1
Альметьевск,Школьный,2016,74,,ошибка,52.32
Агрыз,Региональный,2020,76,10,13.16,96.14
Набережные Челны,Заключительный,2023,43,19,44.19,49.81
Менделеевск,Региональный,2021,,0,,ошибка
Азнакаево,Муниципальный,2021,186,59,ошибка,73.85
Елабуга,Заключительный,2023,136,14,ошибка,46.96
Балтаси,Региональный,2022,43,9,ошибка,89.64
Менделеевск,Заключительный,2022,167,61,36.53,84.34
Балтаси,Заключительный,2018,ошибка,0,,67.14
Менделеевск,Муниципальный,2019,158,66,41.77,45.02
Агрыз,Заключительный,2020,34,7,20.59,62.58
Бугульма,Региональный,2020.0,87,36,41.38,93.63
Лениногорск,Региональный,2023.0,141,55,39.01,93.91
Казань,Региональный,2018,94,,,61.98
Бугульма,Школьный,2020,ошибка,0,,97.85
Арск,Региональный,2021,,ошибка,,-1
Альметьевск,Муниципальный,2019,162,5,3.09,72.39
Чистополь,Региональный,2015,126,24,19.05,ошибка
Бавлы,Муниципальный,2023,25,5,20.0,63.3
Бугульма,Муниципальный,2019,,0,,47.64
Лениногорск,Заключительный,2020,64,6,9.38,42.21
Чистополь,Муниципальный,2019,121,53,43.8,65.64
Чистополь,Региональный,2019,165,57,34.55,96.27
Буинск,Муниципальный,2015,73,36,49.32,72.24
Бавлы,Муниципальный,2019,176,59,ошибка,91.52
Арск,Региональный,2020,190,95,50.0,79.64
Буинск,Школьный,2016,123,19,15.45,90.97
Буинск,Заключительный,2022,,0,,58.28
Менделеевск,Школьный,2021,126,37,29.37,56.58
Зеленодольск,Муниципальный,2024,39,2,5.13,78.75
Елабуга,Региональный,2018,115,11,ошибка,66.61
Агрыз,Школьный,2018,30,9,30.0,95.53
Лениногорск,Школьный,2020,,ошибка,,74.33
Елабуга,Школьный,2015,66,,,81.07
Балтаси,Школьный,2016,70,14,20.0,
Тетюши,Заключительный,2024,118,36,30.51,99.6
Казань,Школьный,2020,72,19,26.39,70.16
Заинск,Школьный,2016,ошибка,,,90.51
Елабуга,Школьный,2019,163,37,22.7,75.82
Тетюши,Заключительный,2020,72,7,9.72,
Бугульма,Школьный,2022,162,37,22.84,75.67
Мамадыш,Муниципальный,2016,177,57,ошибка,
Азнакаево,Муниципальный,2019,140,65,46.43,
Зеленодольск,Заключительный,2022,65,29,44.62,75.62
Арск,Региональный,2015,21,10,47.62,65.38
Заинск,Региональный,2019,112,8,ошибка,95.19
Агрыз,Муниципальный,2022,149,,,75.75
Чистополь,Региональный,2020,179,33,18.44,50.14
Альметьевск,Заключительный,2016,110,,,52.09
Зеленодольск,Муниципальный,2021.0,,0,ошибка,90.14
Азнакаево,Заключительный,2020,,0,,83.87
Арск,Муниципальный,2023,25,7,ошибка,52.71
Кукмор,Школьный,2019.0,179,36,20.11,ошибка
Бавлы,Муниципальный,2023,128,16,12.5,65.4
Буинск,Муниципальный,2024,35,13,37.14,96.58
Набережные Челны,Школьный,2018,25,1,4.0,55.03
Арск,Заключительный,2021,22,3,13.64,43.13
Азнакаево,Заключительный,2017,,0,,41.91
Чистополь,Заключительный,2021,18,5,27.78,74.4
Чистополь,Региональный,2017,157,40,25.48,56.67
Тетюши,Школьный,2023,,0,ошибка,40.06
Кукмор,Школьный,2018,111,46,ошибка,66.44
Бавлы,Школьный,2019.0,194,30,ошибка,65.05
Казань,Заключительный,2023.0,31,0,,76.97
Мамадыш,Школьный,2021,93,22,23.66,76.56
Бавлы,Региональный,2018,,0,,99.5
Буинск,Региональный,2017,,0,,91.64
Апастово,Школьный,2017,23,3,13.04,76.11
Арск,Муниципальный,2018,87,26,29.89,90.82
Тетюши,Региональный,2015,68,16,23.53,82.18
Кукмор,Школьный,2023,167,7,4.19,69.63
Агрыз,Муниципальный,2015,,0,,
Альметьевск,Региональный,2015,38,9,23.68,50.98
Тетюши,Муниципальный,2019,80,22,ошибка,69.52
Елабуга,Школьный,2016,148,1,0.68,99.86
Менделеевск,Заключительный,2016,10,0,,83.64
Заинск,Заключительный,2024,129,37,28.68,47.83
Азнакаево,Заключительный,2017,54,23,42.59,97.54
Чистополь,Муниципальный,2023,10,2,ошибка,
Заинск,Муниципальный,2016,10,1,10.0,76.75
Бавлы,Муниципальный,2024,59,12,20.34,76.21
Буинск,Школьный,2022,82,34,ошибка,56.34
Зеленодольск,Заключительный,2019,10,2,20.0,78.72
Казань,Заключительный,2020,50,2,4.0,ошибка
Кукмор,Региональный,2020,16,0,,59.57
Лениногорск,Региональный,2018,39,4,10.26,95.39
Альметьевск,Школьный,2021,38,14,36.84,
Балтаси,Муниципальный,2017,80,32,ошибка,60.04
Бавлы,Заключительный,2016,66,9,ошибка,67.71
Апастово,Заключительный,2015,13,5,ошибка,52.03
Чистополь,Муниципальный,2018,110,21,19.09,59.64
Менделеевск,Заключительный,2023,42,20,47.62,88.72
Азнакаево,Муниципальный,2021,108,22,20.37,77.26
Лениногорск,Заключительный,2016,41,1,2.44,51.22
Буинск,Заключительный,2021,124,3,ошибка,41.44
Азнакаево,Заключительный,2024,ошибка,0,,70.75
Альметьевск,Муниципальный,2015,177,30,16.95,47.2
Агрыз,Школьный,2022,,0,ошибка,70.35
Лениногорск,Региональный,2017,169,1,0.59,96.7
Елабуга,Заключительный,2020,52,8,15.38,59.29
Тетюши,Заключительный,2024,141,14,9.93,53.06
Елабуга,Региональный,2019.0,85,32,37.65,59.4
Буинск,Региональный,2022,,0,,85.57
Кукмор,Школьный,2015,121,49,40.5,58.05
Арск,Муниципальный,2017,10,,ошибка,89.45
Лениногорск,Муниципальный,2018,101,49,48.51,53.07
Мамадыш,Заключительный,2020,132,38,28.79,87.59
Азнакаево,Региональный,2021,31,0,ошибка,61.39
Азнакаево,Школьный,2018,90,4,4.44,ошибка
Мамадыш,Школьный,2020.0,170,,,92.82
Азнакаево,Муниципальный,2018,109,43,ошибка,-1
Казань,Заключительный,2019,137,10,7.3,55.17
Менделеевск,Заключительный,2015,79,34,43.04,77.49
Казань,Заключительный,2022,74,4,ошибка,84.69
Набережные Челны,Муниципальный,2020,,0,,93.67
Апастово,Муниципальный,2022,67,,,89.88
Азнакаево,Муниципальный,2020,134,41,30.6,87.56
Зеленодольск,Заключительный,2024,92,44,ошибка,88.62
Кукмор,Школьный,2020,176,6,3.41,65.37
Набережные Челны,Муниципальный,2024,106,27,25.47,94.11
Набережные Челны,Заключительный,2016,40,13,32.5,49.78
Балтаси,Региональный,2018,28,1,3.57,
Агрыз,Заключительный,2017,63,14,ошибка,99.57
Агрыз,Муниципальный,2015,171,43,25.15,59.13
Кукмор,Заключительный,2016,35,10,28.57,62.31
Альметьевск,Заключительный,2016,97,,,53.02
Набережные Челны,Региональный,2021,43,19,ошибка,95.65
Елабуга,Муниципальный,2023,158,53,33.54,54.25
Арск,Муниципальный,2018,39,6,15.38,-1
Арск,Заключительный,2021,23,0,,98.7
Чистополь,Школьный,2020.0,150,65,43.33,77.33
Менделеевск,Муниципальный,2015.0,134,35,26.12,89.39
Елабуга,Школьный,2020,48,6,12.5,76.74
Казань,Заключительный,2017,163,65,39.88,75.0
Азнакаево,Школьный,2019,123,54,43.9,75.74
Бугульма,Школьный,2021,128,63,ошибка,63.5
Бавлы,Региональный,2015,148,16,10.81,50.09
Мамадыш,Заключительный,2020,200,80,40.0,84.12
Лениногорск,Региональный,2023,114,24,21.05,53.06
Чистополь,Заключительный,2020,152,,ошибка,57.37
Балтаси,Школьный,2023,59,4,6.78,40.61
Азнакаево,Муниципальный,2022,ошибка,0,ошибка,81.25
Альметьевск,Муниципальный,2020,54,,,85.48
Бугульма,Региональный,2023,,0,,99.64
Азнакаево,Муниципальный,2018,30,11,36.67,89.22
Агрыз,Муниципальный,2024,179,77,43.02,99.78
Балтаси,Школьный,2024,36,1,2.78,50.56
Апастово,Заключительный,2015,194,63,32.47,
Лениногорск,Муниципальный,2018,17,0,,78.16
Заинск,Заключительный,2021,75,0,,54.84
Балтаси,Школьный,2018,105,28,26.67,43.67
Балтаси,Заключительный,2018.0,191,50,26.18,60.2
Бавлы,Муниципальный,2024,103,13,12.62,84.95
Казань,Школьный,2024,106,24,22.64,77.32
Апастово,Заключительный,2016,67,13,19.4,88.08
Тетюши,Заключительный,2021,127,,,72.6
Мамадыш,Муниципальный,2023.0,155,33,21.29,81.0
Елабуга,Региональный,2021,172,14,8.14,51.85
Казань,Региональный,2022,45,,ошибка,91.91
Бавлы,Заключительный,2021,156,54,34.62,62.9
Бугульма,Заключительный,2023.0,190,65,34.21,51.61
Агрыз,Школьный,2018,10,,,66.86
Бугульма,Школьный,2016,147,10,6.8,68.86
Менделеевск,Муниципальный,2024,109,22,20.18,83.86
Менделеевск,Региональный,2019,112,32,ошибка,86.67
Альметьевск,Региональный,2019,40,10,25.0,41.47
Агрыз,Муниципальный,2020,166,22,13.25,77.26
Набережные Челны,Школьный,2019,178,66,37.08,93.51
Менделеевск,Заключительный,2017,,0,,58.31
Агрыз,Школьный,2019,99,9,9.09,60.8
Чистополь,Школьный,2024,33,14,42.42,63.24
Елабуга,Школьный,2016,,0,,83.84
Елабуга,Региональный,2016,10,3,ошибка,96.24
Набережные Челны,Муниципальный,2017.0,174,74,ошибка,80.4
Бавлы,Муниципальный,2023,183,52,28.42,72.22
Заинск,Школьный,2016,140,46,32.86,76.12
Альметьевск,Школьный,2019.0,47,23,48.94,51.88
Лениногорск,Муниципальный,2024,180,51,ошибка,71.72
Арск,Муниципальный,2022,59,15,25.42,45.98
Зеленодольск,Региональный,2023,128,20,ошибка,70.47
Мамадыш,Муниципальный,2020,,0,,97.45
Тетюши,Региональный,2016,65,6,ошибка,48.09
Заинск,Заключительный,2021,36,18,ошибка,
Набережные Челны,Школьный,2024,105,1,ошибка,99.3
Бавлы,Заключительный,2015,179,14,7.82,94.56
Зеленодольск,Школьный,2019,60,3,5.0,81.08
Заинск,Муниципальный,2015,ошибка,,,75.96
Елабуга,Региональный,2024,70,17,24.29,96.7
Апастово,Региональный,2018,71,,,40.62
Буинск,Муниципальный,2022,199,81,40.7,55.07
Елабуга,Муниципальный,2021,69,19,27.54,65.94
Азнакаево,Региональный,2022,194,70,36.08,57.2
Апастово,Региональный,2024,,0,,55.55
Апастово,Заключительный,2016.0,102,12,ошибка,89.51
Кукмор,Муниципальный,2018,166,25,15.06,98.38
Агрыз,Школьный,2017,10,3,ошибка,71.12
Балтаси,Заключительный,2019,74,6,8.11,44.68
Мамадыш,Заключительный,2017,31,5,ошибка,67.51
Апастово,Региональный,2024,117,28,23.93,-1
Азнакаево,Заключительный,2016,45,7,15.56,-1
Заинск,Региональный,2016,21,0,,57.71
Тетюши,Муниципальный,2023,12,5,41.67,68.77
Тетюши,Муниципальный,2024,64,7,10.94,98.87
Азнакаево,Школьный,2022,115,36,31.3,85.94
Альметьевск,Региональный,2022,102,45,44.12,93.52
Зеленодольск,Школьный,2020,77,17,ошибка,68.82
Бавлы,Заключительный,2022,10,4,40.0,89.82
Набережные Челны,Муниципальный,2015,ошибка,0,ошибка,
Заинск,Заключительный,2019,10,3,30.0,63.41
Балтаси,Школьный,2024,136,53,38.97,98.85
Бугульма,Заключительный,2020,,0,,53.01
Зеленодольск,Муниципальный,2021,,0,,51.48
Апастово,Региональный,2016,50,11,ошибка,49.4
Балтаси,Муниципальный,2017,27,1,ошибка,76.97
Азнакаево,Школьный,2021,10,5,50.0,49.68
Набережные Челны,Заключительный,2021,50,23,ошибка,-1
Кукмор,Муниципальный,2022,137,27,ошибка,66.76
Апастово,Заключительный,2015,137,19,13.87,76.1
Бавлы,Региональный,2023,183,68,37.16,42.41
Бугульма,Муниципальный,2017,185,,,75.79
Елабуга,Заключительный,2022,179,83,ошибка,57.2
Лениногорск,Школьный,2019,,0,ошибка,77.38
Елабуга,Школьный,2024,37,15,40.54,48.31
Балтаси,Региональный,2021,39,0,,66.39
Агрыз,Региональный,2023,125,23,18.4,62.61
Арск,Школьный,2017,52,7,13.46,81.39
Зеленодольск,Муниципальный,2023,39,5,ошибка,
Мамадыш,Школьный,2017,159,5,ошибка,70.06
Елабуга,Заключительный,2019,195,44,22.56,64.14
Казань,Региональный,2024,,0,ошибка,92.95
Азнакаево,Региональный,2015.0,143,66,46.15,-1
Тетюши,Школьный,2022,,0,,49.51
Мамадыш,Школьный,2018,106,25,23.58,91.15
Зеленодольск,Муниципальный,2016,131,30,22.9,
Зеленодольск,Региональный,2017,110,,,92.53
Альметьевск,Региональный,2023,17,6,35.29,44.24
Арск,Школьный,2022,134,48,35.82,86.34
Альметьевск,Школьный,2016,134,3,2.24,95.48
Набережные Челны,Заключительный,2016,,0,,40.83
Альметьевск,Заключительный,2024,11,0,,87.31
Агрыз,Заключительный,2016,158,1,0.63,51.73
Буинск,Школьный,2019,193,52,26.94,76.3
Бугульма,Муниципальный,2017,185,55,29.73,91.88
Арск,Школьный,2024,18,5,27.78,81.82
Арск,Заключительный,2022,93,ошибка,,40.45
Кукмор,Школьный,2017,168,77,ошибка,49.76
Чистополь,Заключительный,2021,10,3,30.0,97.96
Казань,Региональный,2015,54,8,ошибка,76.35
Чистополь,Заключительный,2023,10,4,40.0,70.68
Бавлы,Заключительный,2017,67,20,29.85,66.91
Лениногорск,Заключительный,2024,81,26,ошибка,86.36
Лениногорск,Школьный,2020,176,59,33.52,ошибка
Зеленодольск,Заключительный,2019,178,7,3.93,85.13
Бавлы,Муниципальный,2020,197,64,ошибка,77.91
Чистополь,Муниципальный,2019,177,52,ошибка,43.25
Кукмор,Заключительный,2020,197,ошибка,,55.96
Бавлы,Школьный,2021,143,69,48.25,61.75
Арск,Муниципальный,2023,160,3,1.88,84.27
Кукмор,Школьный,2020,110,5,4.55,95.77
Балтаси,Муниципальный,2021,49,12,ошибка,80.32
Чистополь,Региональный,2022,142,46,32.39,53.94
Елабуга,Школьный,2015,ошибка,ошибка,ошибка,67.92
Буинск,Региональный,2020,66,6,9.09,40.22
Кукмор,Региональный,2022,88,44,50.0,68.68
Мамадыш,Школьный,2017,131,32,ошибка,90.6
Бугульма,Муниципальный,2017,14,2,14.29,62.53
Елабуга,Заключительный,2016,57,25,43.86,89.67
Балтаси,Региональный,2022,150,59,39.33,87.88
Агрыз,Заключительный,2017,15,6,40.0,82.14
Мамадыш,Заключительный,2015,134,50,ошибка,98.98
Азнакаево,Заключительный,2017,16,5,ошибка,52.66
Елабуга,Региональный,2020,125,38,30.4,72.53
Бавлы,Региональный,2018,10,0,,
Балтаси,Школьный,2017,154,69,44.81,57.93
Балтаси,Заключительный,2021,,0,,-1
Бавлы,Региональный,2016,,0,,59.79
Балтаси,Школьный,2022,34,7,20.59,60.6
Арск,Школьный,2022,192,4,2.08,73.03
Балтаси,Заключительный,2016,179,66,36.87,89.94
Чистополь,Школьный,2022,89,33,37.08,
Балтаси,Муниципальный,2016,198,27,ошибка,76.06
Елабуга,Региональный,2024,141,67,47.52,98.99
Балтаси,Школьный,2019,107,,ошибка,50.77
Балтаси,Региональный,2017,199,ошибка,,67.79
Альметьевск,Школьный,2021,35,4,ошибка,ошибка
Кукмор,Муниципальный,2016.0,191,46,24.08,
Елабуга,Школьный,2024,102,,,56.4
Азнакаево,Заключительный,2023,33,12,ошибка,90.13
Набережные Челны,Региональный,2019,109,30,27.52,73.22
Апастово,Заключительный,2022,,0,,59.22
Азнакаево,Школьный,2017,,0,,73.21
Тетюши,Муниципальный,2020,167,78,46.71,56.57
Балтаси,Заключительный,2022,195,50,25.64,71.77
Мамадыш,Школьный,2019.0,10,2,20.0,43.51
Зеленодольск,Заключительный,2023,76,ошибка,,78.78
Мамадыш,Заключительный,2018,,0,ошибка,90.55
Альметьевск,Региональный,2022,197,40,ошибка,40.52
Лениногорск,Школьный,2018,40,19,ошибка,84.36
Елабуга,Муниципальный,2017,,0,,50.73
Бавлы,Заключительный,2022.0,121,48,39.67,97.52
Чистополь,Школьный,2022,145,7,4.83,59.24
Заинск,Школьный,2021,114,ошибка,ошибка,75.14
Агрыз,Региональный,2017,,,,89.41
Чистополь,Региональный,2022,178,69,ошибка,98.53
Заинск,Муниципальный,2020,103,10,9.71,96.6
Лениногорск,Школьный,2017,21,7,33.33,74.72
Чистополь,Региональный,2022,38,11,ошибка,44.1
Азнакаево,Региональный,2020,49,7,14.29,71.81
Казань,Региональный,2015,200,11,5.5,42.27
Тетюши,Заключительный,2018,193,80,ошибка,82.54
Бугульма,Школьный,2019,115,24,20.87,70.41
Чистополь,Заключительный,2023,142,61,42.96,63.5
Балтаси,Региональный,2022,139,62,44.6,96.72
Апастово,Школьный,2019,127,0,,86.92
Бугульма,Региональный,2018,117,18,ошибка,49.09
Заинск,Муниципальный,2018,111,39,35.14,82.39
Казань,Школьный,2022,85,13,15.29,81.11
Агрыз,Заключительный,2023,72,7,9.72,51.58
Елабуга,Муниципальный,2020,134,31,23.13,70.02
Балтаси,Заключительный,2020,115,16,13.91,66.17
Бавлы,Муниципальный,2015,,0,,65.14
Лениногорск,Региональный,2021,59,17,28.81,90.3
Бугульма,Заключительный,2023.0,10,0,,66.5
Балтаси,Региональный,2020,,0,,48.91
Мамадыш,Школьный,2021,66,30,ошибка,80.93
Тетюши,Школьный,2024,196,27,13.78,70.75
Азнакаево,Заключительный,2020,77,25,32.47,55.02
Апастово,Заключительный,2021,39,4,ошибка,72.47
Набережные Челны,Муниципальный,2021,92,10,10.87,57.44
Буинск,Школьный,2020,69,5,7.25,67.46
Лениногорск,Школьный,2016,198,36,ошибка,52.88
Кукмор,Заключительный,2021,,,,90.62
Менделеевск,Региональный,2018,138,,ошибка,42.49
Азнакаево,Школьный,2016,182,88,48.35,
Тетюши,Школьный,2015,37,16,43.24,90.23
Буинск,Заключительный,2022.0,100,3,3.0,85.1
Мамадыш,Заключительный,2015,64,4,6.25,
Балтаси,Муниципальный,2023,94,10,10.64,64.56
Елабуга,Заключительный,2017,176,75,42.61,41.4
Бугульма,Школьный,2016.0,65,10,15.38,98.04
Зеленодольск,Заключительный,2016,177,5,2.82,94.01
Казань,Муниципальный,2024,158,,,67.69
Набережные Челны,Региональный,2020,58,20,34.48,85.88
Арск,Заключительный,2018,10,5,50.0,70.43
Буинск,Заключительный,2021.0,177,29,16.38,63.22
Бавлы,Муниципальный,2016,97,15,15.46,63.01
Тетюши,Заключительный,2018,40,2,5.0,55.19
Зеленодольск,Заключительный,2024,23,1,4.35,
Елабуга,Региональный,2021,57,12,21.05,64.31
Апастово,Региональный,2021,96,43,44.79,93.27
Буинск,Школьный,2020,73,15,20.55,99.7
Азнакаево,Муниципальный,2022,10,,,84.69
Бугульма,Муниципальный,2019,44,4,9.09,97.36
Балтаси,Заключительный,2018,,0,,91.67
Апастово,Муниципальный,2024,90,6,ошибка,67.64
Елабуга,Муниципальный,2018,106,,,43.23
Агрыз,Муниципальный,2018,,0,,85.1
Бавлы,Муниципальный,2022,187,66,35.29,88.92
Апастово,Региональный,2024,23,,,74.26
Елабуга,Заключительный,2019,142,14,9.86,40.35
Буинск,Муниципальный,2018,65,27,ошибка,85.3
Заинск,Муниципальный,2024,123,55,44.72,98.55
Балтаси,Региональный,2016,71,6,8.45,92.08
Казань,Заключительный,2016,118,27,22.88,80.98
Тетюши,Региональный,2018,177,40,22.6,97.73
Буинск,Школьный,2020,113,34,30.09,
Лениногорск,Школьный,2019,197,43,21.83,87.46
Альметьевск,Школьный,2022,125,28,22.4,77.73
Балтаси,Муниципальный,2016,57,10,17.54,80.07
Апастово,Муниципальный,2023,,0,,43.44
Чистополь,Региональный,2015,170,,,91.49
Менделеевск,Школьный,2019,105,16,15.24,48.44
Арск,Заключительный,2023,25,8,32.0,47.13
Буинск,Школьный,2023,11,4,36.36,58.72
Апастово,Региональный,2018,24,11,45.83,58.73
Чистополь,Заключительный,2023,149,55,36.91,52.56
Альметьевск,Региональный,2021.0,159,69,ошибка,90.92
Азнакаево,Школьный,2023.0,,0,,42.19
Бавлы,Школьный,2016,122,20,ошибка,73.71
Менделеевск,Региональный,2024,98,26,26.53,65.04
Тетюши,Региональный,2022,107,52,ошибка,65.45
Бугульма,Региональный,2016,138,15,10.87,79.18
Азнакаево,Заключительный,2015,119,35,29.41,81.35
Тетюши,Заключительный,2015,48,,,68.04
Бавлы,Региональный,2022,143,37,25.87,70.65
Чистополь,Заключительный,2021,134,20,14.93,79.02
Зеленодольск,Региональный,2021,54,2,3.7,96.67
Казань,Региональный,2021.0,55,15,27.27,93.81
Лениногорск,Региональный,2021,50,4,8.0,-1
Лениногорск,Школьный,2018,135,34,25.19,42.3
Арск,Школьный,2021,175,56,32.0,90.83
Кукмор,Заключительный,2024,,0,ошибка,41.7
Мамадыш,Региональный,2021,45,3,6.67,96.61
Апастово,Региональный,2020,10,2,ошибка,55.4
Бугульма,Заключительный,2023,180,13,7.22,40.76
Бавлы,Муниципальный,2017,98,21,21.43,57.03
Буинск,Региональный,2017,96,13,13.54,99.33
Арск,Муниципальный,2015,42,8,19.05,73.34
Азнакаево,Школьный,2018,171,49,28.65,43.96
Азнакаево,Региональный,2019,ошибка,0,,70.75
Зеленодольск,Школьный,2019,66,20,ошибка,79.98
Агрыз,Школьный,2021,150,36,24.0,65.36
Балтаси,Муниципальный,2022,193,27,13.99,68.96
Елабуга,Региональный,2022,,,,45.37
Бавлы,Школьный,2020,177,52,29.38,-1
Менделеевск,Муниципальный,2020.0,91,17,18.68,74.83
Балтаси,Региональный,2015,13,1,ошибка,62.96
Казань,Школьный,2015,,,,90.05
Буинск,Заключительный,2022,93,14,15.05,52.08
Бавлы,Заключительный,2017,199,69,34.67,91.4
Мамадыш,Школьный,2016,67,7,10.45,71.64
Балтаси,Региональный,2021,54,24,44.44,72.09
Заинск,Региональный,2017,21,8,38.1,65.11
Набережные Челны,Заключительный,2023,45,8,17.78,95.11
Менделеевск,Региональный,2017,11,3,27.27,
Набережные Челны,Заключительный,2017,30,3,ошибка,57.03
Агрыз,Заключительный,2018,46,19,41.3,58.36
Апастово,Региональный,2024,118,7,5.93,
Азнакаево,Школьный,2021,16,3,18.75,52.04
Буинск,Школьный,2015.0,83,37,44.58,
Менделеевск,Школьный,2022,152,63,41.45,84.34
Казань,Региональный,2024,185,16,8.65,68.41
Зеленодольск,Муниципальный,2022,190,81,42.63,53.57
Бавлы,Региональный,2017,28,14,50.0,76.47
Бавлы,Региональный,2017,153,6,3.92,55.71
Бугульма,Региональный,2015,48,22,45.83,48.57
Лениногорск,Региональный,2015,90,23,ошибка,58.86
Бугульма,Школьный,2022,35,9,25.71,93.2
Бугульма,Муниципальный,2022,110,41,ошибка,44.08
Балтаси,Заключительный,2015,28,1,3.57,50.17
Мамадыш,Региональный,2021.0,85,23,27.06,72.62
Заинск,Заключительный,2024,136,,,70.06
Лениногорск,Муниципальный,2019,142,44,30.99,95.39
Лениногорск,Школьный,2016,145,36,24.83,66.79
Азнакаево,Заключительный,2015,128,17,13.28,57.36
Балтаси,Региональный,2023,81,31,ошибка,40.15
Казань,Заключительный,2015,170,23,13.53,94.2
Агрыз,Школьный,2023,49,0,,84.76
Бугульма,Школьный,2017,188,79,42.02,51.09
Зеленодольск,Школьный,2021.0,135,,,93.03
Чистополь,Заключительный,2015,159,,ошибка,65.91
Лениногорск,Школьный,2015,195,93,ошибка,81.52
Арск,Региональный,2019,,0,,95.96
Елабуга,Заключительный,2022.0,22,4,ошибка,67.99
Мамадыш,Заключительный,2018,63,17,26.98,83.29
Казань,Школьный,2019,50,17,34.0,64.31
Елабуга,Заключительный,2015,128,39,30.47,46.66
Набережные Челны,Муниципальный,2020,10,4,40.0,71.95
Менделеевск,Региональный,2021,,0,,76.13
Тетюши,Муниципальный,2021,111,49,44.14,83.46
Набережные Челны,Заключительный,2022,86,19,22.09,97.28
Лениногорск,Заключительный,2023,103,46,44.66,45.82
Арск,Муниципальный,2018,41,7,17.07,96.93
Арск,Заключительный,2018,66,12,18.18,97.5
Азнакаево,Региональный,2022,ошибка,0,,95.61
Казань,Региональный,2024,172,15,ошибка,43.94
Менделеевск,Заключительный,2023,26,5,ошибка,
Набережные Челны,Региональный,2017,ошибка,0,,48.66
Казань,Региональный,2017,166,15,9.04,90.93
Альметьевск,Заключительный,2018,112,48,ошибка,48.13
Агрыз,Муниципальный,2015,110,,ошибка,52.14
Агрыз,Школьный,2024,98,38,ошибка,64.3
Елабуга,Школьный,2016.0,62,6,9.68,61.85
Бавлы,Заключительный,2022,175,86,ошибка,48.21
Бугульма,Заключительный,2020,176,69,ошибка,90.11
Мамадыш,Заключительный,2019,133,3,ошибка,80.65
Тетюши,Заключительный,2015,194,84,ошибка,87.98
Буинск,Школьный,2019,26,13,50.0,55.56
Буинск,Муниципальный,2016,118,28,ошибка,48.97
Елабуга,Региональный,2016,36,0,,98.39
Зеленодольск,Региональный,2017,199,66,33.17,43.81
Бугульма,Школьный,2017,122,33,27.05,52.67
Мамадыш,Муниципальный,2023,167,34,20.36,93.85
Бавлы,Заключительный,2024,166,81,48.8,64.22
Елабуга,Региональный,2020,70,4,ошибка,87.84
Менделеевск,Муниципальный,2019,68,0,,64.17
Балтаси,Заключительный,2023,24,12,50.0,50.23
Тетюши,Школьный,2018,64,20,31.25,90.96
Зеленодольск,Школьный,2024,,0,,92.18
Казань,Заключительный,2018,174,24,13.79,ошибка
Кукмор,Заключительный,2024,60,10,16.67,71.78
Мамадыш,Школьный,2015,,0,,
Азнакаево,Заключительный,2022,120,ошибка,ошибка,50.49
Азнакаево,Муниципальный,2015,27,10,37.04,93.98
Зеленодольск,Муниципальный,2024,110,1,0.91,80.36
Альметьевск,Заключительный,2020.0,21,4,19.05,45.32
Тетюши,Заключительный,2020,97,13,13.4,49.02
Бавлы,Школьный,2021,164,37,22.56,99.7
Мамадыш,Муниципальный,2020,49,8,16.33,51.82
Менделеевск,Заключительный,2020,172,,ошибка,74.44
Бавлы,Региональный,2021,72,17,23.61,62.91
Менделеевск,Региональный,2018,144,,,48.69
Азнакаево,Региональный,2019,72,16,22.22,74.65
Лениногорск,Школьный,2017,187,84,ошибка,52.7
Зеленодольск,Заключительный,2022,193,9,4.66,70.96
Елабуга,Муниципальный,2024,195,24,12.31,53.13
Агрыз,Муниципальный,2020,44,7,15.91,45.36
Чистополь,Муниципальный,2024,ошибка,0,,49.62
Заинск,Муниципальный,2023,139,14,10.07,99.08
Чистополь,Муниципальный,2024,198,84,ошибка,82.09
Арск,Школьный,2024,55,7,12.73,74.13
Тетюши,Муниципальный,2021,81,6,7.41,-1
Балтаси,Муниципальный,2018,20,7,35.0,
Заинск,Муниципальный,2019,24,4,16.67,89.08
Бавлы,Региональный,2023,194,36,18.56,50.99
Мамадыш,Муниципальный,2021,,0,ошибка,
Лениногорск,Школьный,2021,186,11,5.91,96.52
Мамадыш,Заключительный,2022,146,30,20.55,75.88
Набережные Челны,Региональный,2018,ошибка,0,,46.84
Заинск,Муниципальный,2021,177,9,5.08,92.02
Тетюши,Школьный,2018,42,,,ошибка
Азнакаево,Школьный,2018,31,,ошибка,76.51
Чистополь,Региональный,2024,34,1,2.94,40.65
Альметьевск,Школьный,2020,122,44,36.07,74.37
Лениногорск,Муниципальный,2018,ошибка,0,ошибка,51.91
Буинск,Заключительный,2020,166,27,16.27,99.66
Кукмор,Муниципальный,2019.0,70,20,28.57,42.81
Балтаси,Школьный,2016,83,41,49.4,46.36
Елабуга,Муниципальный,2017,197,91,46.19,43.65
Чистополь,Региональный,2017,59,14,23.73,65.83
Лениногорск,Заключительный,2015,,0,ошибка,90.67
Тетюши,Школьный,2023,35,11,31.43,42.63
Набережные Челны,Школьный,2017,31,3,9.68,62.65
Тетюши,Муниципальный,2020,39,19,48.72,ошибка
Чистополь,Школьный,2019,171,71,ошибка,43.93
Агрыз,Региональный,2023,10,3,30.0,43.17
Агрыз,Муниципальный,2022,70,19,ошибка,45.19
Менделеевск,Школьный,2015,122,30,24.59,57.33
Азнакаево,Региональный,2019,178,19,ошибка,89.63
Лениногорск,Школьный,2021,,0,,60.61
Азнакаево,Муниципальный,2024,55,24,43.64,44.1
Лениногорск,Региональный,2020,69,28,40.58,67.04
Бугульма,Муниципальный,2019,30,15,ошибка,43.31
Буинск,Региональный,2016,153,54,35.29,94.85
Апастово,Муниципальный,2018,128,48,37.5,67.79
Зеленодольск,Муниципальный,2021,191,,,
Заинск,Муниципальный,2020,150,49,32.67,41.55
Менделеевск,Школьный,2016,129,37,28.68,83.23
Агрыз,Заключительный,2020,98,16,16.33,
Менделеевск,Школьный,2020,146,0,,-1
Арск,Заключительный,2016,168,24,14.29,ошибка
Агрыз,Школьный,2020,150,60,40.0,73.25
Азнакаево,Муниципальный,2023,ошибка,0,,66.49
Менделеевск,Школьный,2024,62,24,38.71,56.88
Балтаси,Муниципальный,2018,16,0,,68.2
Апастово,Муниципальный,2017,79,9,11.39,
Арск,Заключительный,2020,103,44,42.72,97.29
Альметьевск,Школьный,2016,,0,ошибка,-1
Бавлы,Муниципальный,2018,ошибка,0,,40.96
Балтаси,Школьный,2017,195,13,6.67,82.09
Балтаси,Муниципальный,2015,190,30,15.79,72.67
Апастово,Заключительный,2022,113,55,48.67,74.14
Зеленодольск,Заключительный,2020,44,3,6.82,43.74
Менделеевск,Школьный,2017.0,125,23,18.4,ошибка
Мамадыш,Школьный,2015,146,6,4.11,
Лениногорск,Муниципальный,2023,60,16,26.67,45.33
Альметьевск,Муниципальный,2019,190,,ошибка,78.08
Бавлы,Школьный,2016,130,45,34.62,99.95
Альметьевск,Заключительный,2020,12,3,25.0,90.85
Бугульма,Заключительный,2018.0,68,10,14.71,40.08
Менделеевск,Школьный,2022,,0,,92.9
Чистополь,Школьный,2018,37,9,24.32,42.14
Казань,Школьный,2018,76,ошибка,,99.0
Казань,Муниципальный,2017,195,,ошибка,89.21
Азнакаево,Школьный,2015,100,45,ошибка,83.94
Заинск,Муниципальный,2022,111,28,25.23,91.57
Елабуга,Муниципальный,2017.0,34,ошибка,,82.12
Мамадыш,Школьный,2023,192,,,40.04
Казань,Муниципальный,2021,125,29,23.2,58.25
Апастово,Заключительный,2020,65,22,33.85,40.1
Азнакаево,Заключительный,2018,44,8,18.18,
Альметьевск,Школьный,2021,178,37,20.79,47.45
Апастово,Заключительный,2017,89,29,ошибка,68.2
Кукмор,Школьный,2024,23,5,21.74,52.13
Казань,Региональный,2015,ошибка,0,,45.4
Балтаси,Региональный,2021,196,66,33.67,41.3
Лениногорск,Школьный,2018,132,66,50.0,81.72
Заинск,Заключительный,2024.0,111,0,,-1
Кукмор,Заключительный,2021,71,13,18.31,55.49
Буинск,Муниципальный,2015,162,32,19.75,88.07
Зеленодольск,Заключительный,2024.0,184,70,38.04,79.26
Агрыз,Заключительный,2018,34,5,14.71,92.01
Чистополь,Заключительный,2024,12,,,46.27
Заинск,Заключительный,2023,,0,,95.52
Набережные Челны,Муниципальный,2022,32,6,18.75,81.24
Чистополь,Муниципальный,2017,131,25,19.08,41.06
Набережные Челны,Региональный,2020,19,8,ошибка,61.33
Менделеевск,Заключительный,2017,42,21,ошибка,56.57
Арск,Школьный,2015,147,0,,51.95
Набережные Челны,Заключительный,2018.0,136,7,5.15,97.43
Балтаси,Школьный,2020,20,1,ошибка,93.8
Зеленодольск,Региональный,2023,179,49,27.37,45.17
Елабуга,Региональный,2023.0,173,43,24.86,44.35
Елабуга,Школьный,2023,70,25,35.71,96.13
Зеленодольск,Региональный,2018,10,2,20.0,77.74
Буинск,Школьный,2020,74,ошибка,,65.35
Бавлы,Школьный,2016,142,40,ошибка,73.32
Мамадыш,Региональный,2022,,0,ошибка,78.58
Азнакаево,Муниципальный,2018,185,55,29.73,
Менделеевск,Региональный,2022,80,,,55.76
Арск,Региональный,2016,,0,,75.23
Чистополь,Заключительный,2024,44,4,9.09,44.44
Балтаси,Муниципальный,2016,86,7,8.14,90.74
Буинск,Заключительный,2016,99,37,37.37,60.4
Буинск,Региональный,2021,200,,ошибка,58.45
Мамадыш,Муниципальный,2016,152,13,8.55,61.57
Арск,Муниципальный,2018,12,2,ошибка,60.05
Набережные Челны,Заключительный,2020,159,45,28.3,83.86
Азнакаево,Муниципальный,2022.0,ошибка,0,,45.35
Кукмор,Заключительный,2017,158,52,32.91,80.72
Лениногорск,Школьный,2020,115,56,48.7,85.41
Азнакаево,Муниципальный,2015,87,17,19.54,66.34
Мамадыш,Региональный,2019,35,8,22.86,71.38
Тетюши,Региональный,2024,,0,,ошибка
Азнакаево,Муниципальный,2015.0,126,38,30.16,84.15
Зеленодольск,Муниципальный,2023,13,0,,98.95
Заинск,Муниципальный,2018,38,11,28.95,56.28
Мамадыш,Региональный,2021,172,77,44.77,43.15
Бугульма,Муниципальный,2020,54,25,ошибка,82.35
Азнакаево,Школьный,2022,191,34,17.8,ошибка
Бавлы,Заключительный,2015,,0,,76.87
Набережные Челны,Заключительный,2018,138,9,6.52,74.27
Кукмор,Школьный,2023,153,43,28.1,46.13
Тетюши,Муниципальный,2020,,0,,93.04
Апастово,Региональный,2023,145,15,10.34,72.75
Агрыз,Региональный,2020,173,83,47.98,78.51
Набережные Челны,Заключительный,2024,186,35,ошибка,
Бавлы,Школьный,2018,147,73,49.66,53.74
Мамадыш,Заключительный,2018,62,1,1.61,
Зеленодольск,Муниципальный,2016,10,0,ошибка,71.82
Бугульма,Заключительный,2016,149,49,32.89,88.7
Буинск,Муниципальный,2018,139,30,21.58,62.52
Лениногорск,Муниципальный,2020,160,20,ошибка,43.68
Кукмор,Региональный,2016,167,61,36.53,61.83
Лениногорск,Региональный,2015.0,112,41,36.61,ошибка
Чистополь,Муниципальный,2017,125,16,12.8,48.62
Буинск,Муниципальный,2022,180,81,45.0,75.73
Бавлы,Региональный,2017,195,5,2.56,
Буинск,Школьный,2021,118,3,ошибка,59.86
Лениногорск,Школьный,2017,123,25,20.33,77.86
Кукмор,Заключительный,2020,58,2,3.45,77.15
Бугульма,Муниципальный,2024,174,82,47.13,46.98
Кукмор,Региональный,2015,193,79,40.93,73.29
Бугульма,Заключительный,2017,107,27,ошибка,52.54
Кукмор,Школьный,2020,146,71,48.63,61.6
Буинск,Школьный,2021,ошибка,0,ошибка,89.95
Казань,Заключительный,2016,183,24,13.11,95.1
Мамадыш,Школьный,2016.0,34,3,8.82,51.59
Чистополь,Региональный,2021,27,10,37.04,82.83
Лениногорск,Муниципальный,2020,84,19,22.62,54.23
Казань,Муниципальный,2022,144,43,29.86,ошибка
Зеленодольск,Школьный,2024,144,3,2.08,59.56
Агрыз,Заключительный,2016,,ошибка,,78.06
Чистополь,Муниципальный,2023,48,9,18.75,
Альметьевск,Заключительный,2020,,0,ошибка,59.66
Бавлы,Муниципальный,2020,112,32,28.57,61.49
Казань,Заключительный,2023,92,29,31.52,67.51
Зеленодольск,Региональный,2017.0,142,55,38.73,-1
Казань,Муниципальный,2023,10,0,,47.79
Менделеевск,Заключительный,2023,,0,,83.78
Менделеевск,Школьный,2015,10,5,50.0,83.93
Буинск,Региональный,2019,32,8,ошибка,95.1
Балтаси,Школьный,2019,138,,,89.74
Зеленодольск,Региональный,2022.0,46,18,39.13,72.9
Заинск,Муниципальный,2024,188,0,,58.34
Набережные Челны,Заключительный,2016,32,ошибка,,55.69
Кукмор,Заключительный,2024,115,53,ошибка,53.96
Мамадыш,Школьный,2024,,0,,46.62
Бавлы,Заключительный,2018,95,13,13.68,80.51
Арск,Региональный,2021,102,44,43.14,
Казань,Школьный,2023,185,4,2.16,71.56
Арск,Региональный,2021,50,0,,56.81
Альметьевск,Школьный,2018,82,29,35.37,94.62
Кукмор,Заключительный,2015,74,9,12.16,77.14
Апастово,Заключительный,2020,28,11,39.29,40.51
Набережные Челны,Региональный,2023,85,,,98.28
Буинск,Школьный,2024,183,45,ошибка,68.88
Буинск,Школьный,2024,11,1,9.09,96.69
Набережные Челны,Региональный,2016,84,,,57.27
Бугульма,Региональный,2024,65,23,ошибка,86.93
Лениногорск,Региональный,2020,,0,,50.33
Набережные Челны,Региональный,2020,87,6,6.9,44.28
Буинск,Заключительный,2015,,0,,63.26
Кукмор,Муниципальный,2022,71,22,30.99,97.43
Балтаси,Заключительный,2022,128,55,42.97,85.76
Апастово,Заключительный,2017,104,51,49.04,51.95
Казань,Заключительный,2015,,0,,59.49
Апастово,Заключительный,2023,190,62,ошибка,62.96
Лениногорск,Заключительный,2021,158,68,43.04,56.52
Елабуга,Муниципальный,2023,52,10,19.23,92.41
Агрыз,Заключительный,2018,26,10,ошибка,74.01
Альметьевск,Школьный,2017,73,,,92.94
Набережные Челны,Муниципальный,2023.0,120,4,3.33,58.87
Тетюши,Региональный,2015,134,15,ошибка,57.14
Тетюши,Муниципальный,2024,94,24,ошибка,88.41
Зеленодольск,Региональный,2019,82,24,29.27,42.95
Елабуга,Региональный,2023.0,103,3,2.91,53.38
Казань,Заключительный,2019,47,8,17.02,
Арск,Заключительный,2015,84,9,10.71,88.47
Балтаси,Школьный,2024,97,,ошибка,45.17
Зеленодольск,Региональный,2023,80,2,2.5,87.38
Буинск,Муниципальный,2019.0,54,7,ошибка,69.32
Тетюши,Заключительный,2019,58,10,17.24,86.38
Агрыз,Школьный,2015,65,19,29.23,51.28
Агрыз,Заключительный,2019,21,1,4.76,64.34
Буинск,Региональный,2022,52,,ошибка,96.12
Мамадыш,Заключительный,2019,,0,ошибка,95.86
Апастово,Школьный,2022,68,28,41.18,88.46
Арск,Заключительный,2021,46,18,39.13,58.64
Казань,Заключительный,2020,77,0,,86.35
Балтаси,Школьный,2021,93,25,26.88,52.69
Зеленодольск,Заключительный,2024,,0,,64.52
Бавлы,Региональный,2020,26,0,ошибка,71.31
Арск,Школьный,2023,119,37,31.09,97.45
Балтаси,Региональный,2015,,,ошибка,69.27
Лениногорск,Региональный,2020,168,7,4.17,98.23
Агрыз,Заключительный,2022,,0,,95.19
Менделеевск,Заключительный,2018,36,2,5.56,53.14
Елабуга,Региональный,2016,66,28,42.42,62.35
Зеленодольск,Региональный,2015,96,20,ошибка,79.5
Арск,Заключительный,2020.0,108,9,8.33,89.2
Казань,Региональный,2018,117,45,38.46,46.71
Казань,Региональный,2015,82,29,35.37,95.27
Заинск,Региональный,2016,20,7,35.0,
Заинск,Школьный,2020,135,15,11.11,-1
Бавлы,Заключительный,2023,187,88,47.06,84.46
Арск,Заключительный,2017,54,18,33.33,55.74
Зеленодольск,Школьный,2016,143,30,20.98,76.66
Азнакаево,Региональный,2022,31,11,35.48,-1
Мамадыш,Региональный,2020,126,40,ошибка,
Альметьевск,Школьный,2015,,0,,57.75
Менделеевск,Муниципальный,2020,,0,,86.36
Заинск,Муниципальный,2017,100,31,31.0,84.98
Агрыз,Заключительный,2023,121,43,35.54,82.08
Елабуга,Заключительный,2016,152,47,30.92,75.0
Зеленодольск,Заключительный,2022,167,5,2.99,93.98
Апастово,Школьный,2015,17,5,29.41,62.57
Бавлы,Региональный,2019,153,17,11.11,-1
Зеленодольск,Школьный,2017,192,42,ошибка,
Тетюши,Муниципальный,2022,177,45,25.42,64.34
Мамадыш,Региональный,2016,165,9,5.45,45.26
Агрыз,Муниципальный,2024,149,8,5.37,84.93
Бавлы,Региональный,2018,45,4,ошибка,46.16
Азнакаево,Заключительный,2018,141,29,20.57,ошибка
Зеленодольск,Муниципальный,2017,164,4,2.44,91.4
Заинск,Региональный,2022,139,4,ошибка,
Бавлы,Региональный,2015,54,6,11.11,
Лениногорск,Муниципальный,2024,63,21,33.33,40.08
Зеленодольск,Муниципальный,2015,103,14,13.59,95.84
Чистополь,Школьный,2024,161,34,ошибка,52.38
Тетюши,Заключительный,2018,101,5,4.95,98.66
Кукмор,Региональный,2022,132,29,21.97,56.21
Заинск,Региональный,2024,147,ошибка,ошибка,90.88
Бугульма,Заключительный,2015,171,35,20.47,51.19
Балтаси,Школьный,2022,111,,,43.11
Буинск,Заключительный,2020,173,54,31.21,98.55
Буинск,Региональный,2020,37,7,18.92,42.33
Чистополь,Муниципальный,2016,158,55,34.81,94.0
Набережные Челны,Заключительный,2020,25,1,4.0,-1
Елабуга,Заключительный,2021,ошибка,,ошибка,76.94
Заинск,Региональный,2020,112,48,42.86,80.94
Арск,Школьный,2020,55,18,32.73,67.63
Чистополь,Школьный,2018,195,14,7.18,70.25
Лениногорск,Региональный,2019,71,16,22.54,49.61
Арск,Школьный,2019,104,26,25.0,64.5
Бавлы,Заключительный,2024,140,63,ошибка,85.36
Лениногорск,Заключительный,2022,178,79,44.38,45.97
Арск,Региональный,2022,65,23,35.38,64.07
Елабуга,Региональный,2019.0,61,3,4.92,44.3
Елабуга,Школьный,2015,159,22,13.84,76.52
Зеленодольск,Региональный,2019,128,49,ошибка,75.43
Балтаси,Муниципальный,2020,73,29,39.73,80.73
Лениногорск,Заключительный,2024,153,,,54.46
Альметьевск,Муниципальный,2023.0,89,29,32.58,-1
Азнакаево,Муниципальный,2024,29,10,34.48,80.51
Казань,Школьный,2022,184,53,28.8,97.18
Елабуга,Региональный,2024,131,34,25.95,54.68
Балтаси,Заключительный,2024,49,22,44.9,49.34
Альметьевск,Муниципальный,2019,124,20,16.13,78.47
Зеленодольск,Региональный,2020,105,43,ошибка,86.64
Альметьевск,Школьный,2019,,0,,89.17
Арск,Региональный,2022,194,46,ошибка,59.17
Бугульма,Заключительный,2018,42,12,28.57,44.91
Апастово,Заключительный,2021,27,,,97.54
Балтаси,Муниципальный,2016,160,40,25.0,83.58
Агрыз,Муниципальный,2018,191,23,12.04,44.2
Мамадыш,Региональный,2018,56,27,48.21,92.8
Чистополь,Муниципальный,2020,180,,,44.04
Бугульма,Муниципальный,2019,73,31,ошибка,55.34
Буинск,Школьный,2022,,0,,47.46
Казань,Региональный,2017,,0,ошибка,-1
Елабуга,Заключительный,2015.0,137,39,28.47,66.18
Азнакаево,Муниципальный,2020,39,9,23.08,71.78
Чистополь,Школьный,2024,,0,,70.69
Менделеевск,Муниципальный,2015,33,16,48.48,41.09
Альметьевск,Заключительный,2017,169,75,44.38,83.71
Балтаси,Муниципальный,2017,171,30,17.54,63.21
Арск,Муниципальный,2017,,0,,60.04
Агрыз,Муниципальный,2019,125,37,29.6,51.1
Буинск,Региональный,2016,84,28,33.33,66.01
Набережные Челны,Заключительный,2017,165,21,12.73,70.18
Бугульма,Школьный,2023,17,,ошибка,45.6
Агрыз,Муниципальный,2021,15,,,50.73
Лениногорск,Муниципальный,2017,147,2,1.36,43.05
Балтаси,Школьный,2019,193,34,17.62,62.93
Альметьевск,Заключительный,2016,150,59,39.33,
Заинск,Муниципальный,2024,141,32,22.7,58.79
Зеленодольск,Заключительный,2018,,0,,65.62
Мамадыш,Школьный,2022,128,62,48.44,73.6
Буинск,Школьный,2020,71,11,15.49,43.36
Набережные Челны,Школьный,2016,162,50,30.86,88.21
Бавлы,Муниципальный,2015,102,7,6.86,
Елабуга,Школьный,2015.0,,0,,90.3
Мамадыш,Региональный,2017,191,85,44.5,50.13
Менделеевск,Муниципальный,2022,10,5,50.0,
Менделеевск,Заключительный,2017,174,30,17.24,79.89
Арск,Заключительный,2023,78,29,ошибка,70.02
Бавлы,Школьный,2023,166,21,12.65,53.36
Альметьевск,Региональный,2020,181,14,7.73,65.18
Кукмор,Региональный,2017,91,34,37.36,46.25
Буинск,Заключительный,2017,ошибка,0,,91.9
Заинск,Муниципальный,2021,91,33,ошибка,99.92
Заинск,Муниципальный,2024,98,9,ошибка,72.14
Елабуга,Заключительный,2016,21,0,ошибка,56.67
Набережные Челны,Муниципальный,2015,,0,,66.34
Елабуга,Школьный,2023,26,8,30.77,40.05
Бавлы,Школьный,2024,156,60,ошибка,86.65
Бавлы,Школьный,2019,139,46,33.09,75.03
Заинск,Муниципальный,2020,141,50,35.46,52.05
Елабуга,Заключительный,2017,176,,,68.37
Апастово,Заключительный,2023,80,18,ошибка,79.39
Заинск,Школьный,2020,27,12,44.44,42.35
Набережные Челны,Региональный,2024,72,32,44.44,86.04
Азнакаево,Заключительный,2022,181,49,27.07,53.91
Агрыз,Школьный,2020,109,11,10.09,63.46
Альметьевск,Муниципальный,2016,129,52,40.31,96.03
Набережные Челны,Региональный,2024,18,ошибка,,97.81
Агрыз,Муниципальный,2024,10,2,20.0,55.05
Мамадыш,Муниципальный,2020,72,1,1.39,55.89
Балтаси,Заключительный,2015,176,78,44.32,97.13
Набережные Челны,Заключительный,2020,46,20,43.48,57.27
Бавлы,Муниципальный,2024,,0,,55.1
Балтаси,Региональный,2019,15,7,ошибка,45.81
Апастово,Школьный,2024,115,39,33.91,56.97
Набережные Челны,Заключительный,2021,97,36,37.11,89.99
Тетюши,Школьный,2016,64,21,32.81,93.43
Тетюши,Школьный,2023,178,66,37.08,72.14
Арск,Заключительный,2016,131,26,19.85,69.23
Альметьевск,Региональный,2017,197,26,13.2,48.06
Елабуга,Заключительный,2015.0,148,59,39.86,91.67
Бугульма,Муниципальный,2021,107,28,26.17,67.76
Менделеевск,Школьный,2021,191,20,10.47,41.01
Зеленодольск,Муниципальный,2017,169,7,4.14,ошибка
Бавлы,Региональный,2018,45,12,26.67,61.15
Тетюши,Заключительный,2015,187,53,ошибка,43.93
Мамадыш,Заключительный,2020,104,11,10.58,73.11
Азнакаево,Заключительный,2022.0,86,,,46.93
Лениногорск,Муниципальный,2020.0,19,5,ошибка,ошибка
Бавлы,Школьный,2020,86,35,40.7,87.73
Буинск,Школьный,2023,125,34,27.2,
Альметьевск,Муниципальный,2018,86,6,6.98,-1
Елабуга,Заключительный,2018,23,11,47.83,55.3
Зеленодольск,Региональный,2019.0,124,5,ошибка,59.97
Зеленодольск,Заключительный,2023,174,,,64.97
Чистополь,Заключительный,2018,139,35,25.18,85.93
Казань,Региональный,2020,109,39,ошибка,57.82
Набережные Челны,Региональный,2015,77,,,84.73
Кукмор,Муниципальный,2016,71,,,95.13
Кукмор,Заключительный,2016,154,40,25.97,95.28
Заинск,Региональный,2024,165,74,44.85,62.99
Чистополь,Региональный,2019,133,25,18.8,62.38
Апастово,Школьный,2021,102,12,11.76,94.51
Бавлы,Региональный,2023,,0,,79.15
Мамадыш,Школьный,2017,159,44,27.67,97.69
Заинск,Школьный,2017.0,48,2,4.17,66.06
Набережные Челны,Школьный,2016,117,2,ошибка,69.25
Менделеевск,Муниципальный,2023,178,88,49.44,98.39
Лениногорск,Заключительный,2016,155,39,25.16,53.41
Зеленодольск,Региональный,2021,158,53,33.54,84.06
Тетюши,Муниципальный,2021.0,148,37,25.0,84.16
Лениногорск,Региональный,2021,180,49,ошибка,65.79
Тетюши,Заключительный,2016,190,65,ошибка,94.45
Зеленодольск,Заключительный,2020,119,16,13.45,82.74
Чистополь,Региональный,2018,143,29,20.28,93.83
Балтаси,Муниципальный,2015,145,70,48.28,54.19
Бугульма,Школьный,2020,133,62,46.62,69.06
Зеленодольск,Школьный,2024,189,0,ошибка,72.36
Зеленодольск,Муниципальный,2015,161,,,57.39
Набережные Челны,Региональный,2017,177,34,19.21,88.93
Менделеевск,Муниципальный,2023,51,21,41.18,99.98
Арск,Заключительный,2024,,0,,50.17
Азнакаево,Школьный,2016,48,17,35.42,50.84
Набережные Челны,Школьный,2024,108,43,39.81,62.01
Агрыз,Заключительный,2015,55,9,16.36,52.68
Бугульма,Муниципальный,2023,88,ошибка,,56.86
Кукмор,Муниципальный,2018,35,2,5.71,95.85
Балтаси,Заключительный,2015,,0,,67.79
Бугульма,Школьный,2020,41,14,34.15,43.66
Казань,Школьный,2022.0,122,59,48.36,86.53
Зеленодольск,Муниципальный,2024,174,47,27.01,
Арск,Заключительный,2016,82,34,41.46,-1
Апастово,Региональный,2015,132,,,41.66
Кукмор,Школьный,2023,23,3,ошибка,83.46
Чистополь,Региональный,2020,182,8,ошибка,99.73
Альметьевск,Школьный,2019,ошибка,0,,46.9
Заинск,Региональный,2024,63,9,14.29,81.71
Балтаси,Муниципальный,2022.0,50,7,ошибка,48.87
Бугульма,Школьный,2020,175,19,10.86,47.59
Заинск,Региональный,2023,,0,ошибка,58.34
Балтаси,Муниципальный,2021,112,12,10.71,76.09
Елабуга,Муниципальный,2023,43,20,46.51,92.79
Тетюши,Региональный,2016,155,21,13.55,83.65
Бугульма,Школьный,2020,42,17,40.48,40.42
Елабуга,Муниципальный,2020,153,68,ошибка,57.31
Буинск,Муниципальный,2015,164,ошибка,,87.13
Зеленодольск,Региональный,2016,98,6,6.12,98.8
Мамадыш,Заключительный,2022.0,88,11,12.5,46.41
Кукмор,Заключительный,2016,29,5,17.24,71.2
Буинск,Муниципальный,2023.0,142,70,49.3,83.46
Лениногорск,Школьный,2020,81,33,40.74,55.87
Бавлы,Школьный,2018,50,7,14.0,75.96
Арск,Заключительный,2015,145,60,41.38,75.43
Балтаси,Заключительный,2016,99,,ошибка,50.89
Арск,Заключительный,2015,171,75,43.86,78.52
Набережные Челны,Региональный,2024,181,9,4.97,97.12
Набережные Челны,Муниципальный,2019.0,69,27,39.13,54.95
Бугульма,Заключительный,2021,14,2,14.29,-1
Бавлы,Школьный,2023,84,15,17.86,50.33
Балтаси,Заключительный,2017,82,40,48.78,ошибка
Арск,Региональный,2019,89,21,23.6,77.3
Арск,Заключительный,2021,200,,,58.34
Азнакаево,Школьный,2024.0,64,,,54.33
Лениногорск,Муниципальный,2022,10,4,40.0,71.24
Бугульма,Заключительный,2017,113,1,0.88,95.03
Агрыз,Муниципальный,2015,22,11,50.0,
Чистополь,Школьный,2023,,0,,56.95
Агрыз,Муниципальный,2017,106,,,70.34
Агрыз,Заключительный,2016,78,36,ошибка,45.48
Елабуга,Региональный,2017,,0,,48.9
Мамадыш,Заключительный,2019,170,54,31.76,56.3
Апастово,Школьный,2024,99,34,34.34,71.34
Лениногорск,Муниципальный,2022,78,,,51.13
Заинск,Школьный,2021,53,10,18.87,69.9
Арск,Региональный,2016,109,17,ошибка,61.6
Менделеевск,Муниципальный,2024,179,22,12.29,54.7
Чистополь,Муниципальный,2018,47,6,ошибка,53.48
Лениногорск,Заключительный,2021,143,36,25.17,60.36
Елабуга,Школьный,2016,170,4,ошибка,69.03
Заинск,Заключительный,2017,44,1,ошибка,55.79
Елабуга,Заключительный,2017,146,10,6.85,
Казань,Региональный,2020,180,15,8.33,50.74
Тетюши,Муниципальный,2024,ошибка,0,,69.57
Азнакаево,Региональный,2018,,,,73.27
Буинск,Муниципальный,2015,,,,83.74
Менделеевск,Школьный,2017,,,,82.39
Бугульма,Заключительный,2021,10,2,20.0,40.21
Бавлы,Школьный,2021,50,11,22.0,94.94
Бугульма,Региональный,2016,58,23,39.66,89.2
Тетюши,Заключительный,2015,185,28,15.14,60.82
Бавлы,Заключительный,2023,94,35,37.23,93.3
Заинск,Школьный,2015,26,,,64.79
Буинск,Региональный,2022,185,,,75.09
Агрыз,Заключительный,2021,16,3,ошибка,56.58
Заинск,Школьный,2021,15,1,6.67,88.51
Набережные Челны,Школьный,2016.0,,0,,74.15
Лениногорск,Муниципальный,2021.0,101,8,7.92,80.3
Тетюши,Региональный,2024,81,16,19.75,86.16
Зеленодольск,Заключительный,2018,121,42,34.71,75.72
Тетюши,Заключительный,2019,,0,ошибка,87.16
Зеленодольск,Региональный,2024,189,93,49.21,49.01
Бугульма,Заключительный,2017,115,40,ошибка,
Менделеевск,Региональный,2023,133,16,12.03,99.17
Апастово,Школьный,2015,188,26,13.83,57.2
Чистополь,Школьный,2023,36,3,ошибка,58.24
Бугульма,Заключительный,2021,101,12,11.88,59.38
Тетюши,Школьный,2016,185,64,34.59,76.89
Зеленодольск,Заключительный,2019,90,44,48.89,55.03
Лениногорск,Региональный,2015,,0,,48.31
Апастово,Муниципальный,2016,175,84,48.0,46.99
Кукмор,Школьный,2022,139,66,47.48,66.15
Тетюши,Муниципальный,2021.0,,0,,41.44
Зеленодольск,Школьный,2019,43,0,,59.14
Лениногорск,Региональный,2016,91,33,36.26,67.91
Набережные Челны,Школьный,2023,ошибка,0,,51.28
Елабуга,Муниципальный,2021,73,ошибка,ошибка,68.33
Тетюши,Региональный,2017,166,4,2.41,55.51
Елабуга,Школьный,2023,154,26,ошибка,82.06
Арск,Муниципальный,2022,31,7,ошибка,76.23
Кукмор,Школьный,2015,26,ошибка,,42.27
Казань,Муниципальный,2022.0,92,,,79.3
Бугульма,Школьный,2015.0,183,,,52.75
Арск,Региональный,2018,140,66,ошибка,75.06
Балтаси,Заключительный,2018,,0,,90.76
Казань,Заключительный,2024,17,0,,90.51
Лениногорск,Региональный,2019,22,4,ошибка,40.05
Елабуга,Муниципальный,2017,84,37,44.05,60.49
Лениногорск,Школьный,2022,170,21,12.35,48.95
Кукмор,Муниципальный,2019,184,75,40.76,63.45
Балтаси,Муниципальный,2024,109,14,12.84,93.72
Альметьевск,Заключительный,2017,134,,,92.9
Тетюши,Школьный,2022,125,32,25.6,67.44
Казань,Муниципальный,2024,51,7,13.73,
Зеленодольск,Школьный,2021,151,5,3.31,74.66
Зеленодольск,Муниципальный,2021,112,23,20.54,-1
Агрыз,Школьный,2017,170,35,ошибка,-1
Арск,Региональный,2016.0,183,31,16.94,83.62
Мамадыш,Муниципальный,2023,35,17,48.57,78.92
Казань,Муниципальный,2019.0,157,,,
Набережные Челны,Муниципальный,2017,125,45,36.0,ошибка
Набережные Челны,Заключительный,2016,146,4,2.74,67.36
Бугульма,Муниципальный,2017,132,41,ошибка,ошибка
Агрыз,Региональный,2015,10,,ошибка,87.0
Тетюши,Региональный,2020,10,5,50.0,40.8
Балтаси,Школьный,2024,,0,,57.03
Буинск,Муниципальный,2019,,0,ошибка,85.95
Бавлы,Муниципальный,2024,59,5,8.47,82.75
Зеленодольск,Школьный,2023,75,,ошибка,89.64
Бавлы,Региональный,2019,185,41,22.16,79.95
Альметьевск,Заключительный,2016,87,9,10.34,48.73
Чистополь,Региональный,2022,ошибка,0,,62.87
Альметьевск,Региональный,2022.0,72,15,20.83,70.26
Набережные Челны,Муниципальный,2018.0,65,,,56.74
Чистополь,Муниципальный,2019,182,13,7.14,75.66
Бавлы,Школьный,2020,97,,,72.3
Альметьевск,Региональный,2021,134,ошибка,ошибка,82.05
Буинск,Заключительный,2015,,0,,96.5
Казань,Региональный,2023.0,80,37,46.25,42.26
Елабуга,Заключительный,2024.0,43,,ошибка,62.15
Елабуга,Школьный,2019.0,131,35,26.72,
Зеленодольск,Региональный,2021,86,15,17.44,81.54
Чистополь,Муниципальный,2017,50,6,12.0,40.01
Апастово,Муниципальный,2020,66,24,36.36,72.57
Набережные Челны,Муниципальный,2021.0,196,65,33.16,94.85
Бугульма,Заключительный,2015,50,6,12.0,91.83
Апастово,Региональный,2024,94,20,21.28,97.9
Казань,Муниципальный,2016,125,ошибка,,97.07
Казань,Заключительный,2022,,0,,-1
Буинск,Муниципальный,2021,92,45,48.91,-1
Апастово,Заключительный,2019,60,6,10.0,95.72
Агрыз,Муниципальный,2016,182,13,ошибка,
Буинск,Региональный,2018,48,16,33.33,78.73
Апастово,Заключительный,2019,112,45,40.18,
Альметьевск,Заключительный,2019,37,3,8.11,44.22
Агрыз,Муниципальный,2022,141,55,39.01,62.24
Арск,Школьный,2015,159,72,45.28,46.8
Бавлы,Региональный,2020.0,10,4,40.0,99.73
Балтаси,Муниципальный,2016,,0,,68.57
Набережные Челны,Региональный,2017,31,11,35.48,41.54
Арск,Региональный,2018,168,,,64.45
Арск,Муниципальный,2020,27,0,,68.05
Буинск,Заключительный,2016,150,7,ошибка,50.72
Мамадыш,Муниципальный,2024.0,192,78,40.62,75.56
Балтаси,Школьный,2015,196,77,ошибка,82.4
Апастово,Школьный,2022,143,29,ошибка,
Чистополь,Школьный,2019,110,,,73.22
Арск,Школьный,2024,121,50,41.32,67.9
Бавлы,Муниципальный,2022,10,4,40.0,-1
Зеленодольск,Школьный,2024,12,1,8.33,56.46
Елабуга,Региональный,2019,,0,,64.56
Лениногорск,Муниципальный,2024,ошибка,0,,81.06
Балтаси,Региональный,2015,,0,,42.67
Заинск,Региональный,2018,69,34,49.28,78.41
Елабуга,Региональный,2023,,0,ошибка,81.36
Лениногорск,Заключительный,2015,110,34,30.91,81.73
Мамадыш,Муниципальный,2018,12,3,25.0,90.74
Буинск,Заключительный,2021,25,10,40.0,48.07
Лениногорск,Заключительный,2020,97,7,7.22,54.74
Альметьевск,Муниципальный,2015,45,14,31.11,47.44
Альметьевск,Региональный,2020.0,186,59,ошибка,96.0
Заинск,Региональный,2016,182,17,9.34,89.62
Лениногорск,Муниципальный,2024,60,2,3.33,73.86
Балтаси,Школьный,2019,34,5,14.71,-1
Кукмор,Региональный,2018,65,29,44.62,64.82
Набережные Челны,Школьный,2022,105,24,22.86,
Лениногорск,Региональный,2020,58,25,43.1,53.39
Апастово,Региональный,2020,154,,,71.58
Арск,Муниципальный,2015,10,ошибка,,86.0
Елабуга,Заключительный,2021,107,23,21.5,79.75
Чистополь,Школьный,2020,127,,,62.22
Альметьевск,Заключительный,2019,166,,,67.26
Лениногорск,Заключительный,2015,186,10,5.38,91.41
Елабуга,Муниципальный,2022,40,16,40.0,77.83
Зеленодольск,Муниципальный,2020,112,48,42.86,73.69
Бавлы,Региональный,2022,73,3,4.11,87.56
Буинск,Региональный,2024,ошибка,0,,67.9
Буинск,Муниципальный,2015,128,60,46.88,78.63
Зеленодольск,Муниципальный,2019,182,38,20.88,81.9
Буинск,Школьный,2016,89,20,ошибка,84.07
Кукмор,Муниципальный,2021,143,12,8.39,53.18
Зеленодольск,Заключительный,2018,72,,,42.72
Заинск,Заключительный,2016,98,5,5.1,40.48
Зеленодольск,Школьный,2021,16,1,6.25,73.69
Набережные Челны,Школьный,2024,ошибка,0,,-1
Заинск,Региональный,2017,54,19,35.19,82.96
Бавлы,Школьный,2022,15,,,61.54
Лениногорск,Школьный,2023,144,22,15.28,82.46
Менделеевск,Муниципальный,2017,119,19,15.97,
Альметьевск,Заключительный,2023,19,6,31.58,
Чистополь,Региональный,2022,198,38,19.19,63.97
Казань,Школьный,2016,125,45,ошибка,75.68
Кукмор,Муниципальный,2019,ошибка,0,,46.65
Заинск,Заключительный,2020,27,9,33.33,67.02
Елабуга,Муниципальный,2018,182,31,17.03,50.53
Альметьевск,Заключительный,2023.0,186,79,42.47,82.41
Агрыз,Муниципальный,2018,,,,44.16
Мамадыш,Школьный,2018,50,17,34.0,67.84
Лениногорск,Муниципальный,2019.0,10,4,40.0,46.93
Зеленодольск,Региональный,2018,103,29,28.16,43.18
Мамадыш,Региональный,2016,114,23,ошибка,
Лениногорск,Школьный,2017,105,9,8.57,48.49
Тетюши,Школьный,2024,10,3,30.0,46.76
Арск,Региональный,2017.0,38,17,44.74,
Балтаси,Муниципальный,2015,54,7,12.96,71.42
Зеленодольск,Школьный,2016,192,72,ошибка,71.31
Лениногорск,Муниципальный,2024,122,49,40.16,ошибка
Зеленодольск,Муниципальный,2023,78,4,5.13,81.6
Менделеевск,Школьный,2016,124,57,45.97,81.57
Агрыз,Муниципальный,2018,160,,,88.59
Бавлы,Школьный,2022,91,25,27.47,76.49
Набережные Челны,Муниципальный,2024,137,5,3.65,97.42
Елабуга,Заключительный,2021,87,0,,64.05
Тетюши,Школьный,2018,ошибка,0,,96.9
Кукмор,Школьный,2016,93,33,ошибка,42.96
Набережные Челны,Школьный,2015.0,181,63,34.81,96.82
Чистополь,Заключительный,2016,124,62,50.0,53.33
Бугульма,Муниципальный,2017,56,7,ошибка,68.21
Бавлы,Муниципальный,2016,,0,,65.26
Елабуга,Региональный,2017,123,49,39.84,87.83
Тетюши,Заключительный,2018,,0,,67.75
Кукмор,Школьный,2024,19,6,ошибка,72.77
Бавлы,Школьный,2022,91,9,9.89,64.01
Заинск,Муниципальный,2020,31,12,38.71,70.89
Мамадыш,Муниципальный,2021,161,74,45.96,42.81
Альметьевск,Региональный,2021,150,,ошибка,-1
Кукмор,Заключительный,2018,99,29,ошибка,-1
Менделеевск,Региональный,2015,124,,,88.4
Набережные Челны,Школьный,2019,62,31,50.0,92.62
Заинск,Региональный,2017,15,2,13.33,89.83
Чистополь,Региональный,2018,155,42,27.1,79.37
Тетюши,Региональный,2018,132,41,31.06,77.59
Менделеевск,Муниципальный,2020.0,78,36,46.15,81.21
Альметьевск,Заключительный,2018,,0,,86.33
Апастово,Региональный,2019,ошибка,0,,40.97
Агрыз,Школьный,2024,,0,,41.84
Заинск,Муниципальный,2022,166,50,30.12,90.16
Заинск,Заключительный,2016,ошибка,0,,54.91
Азнакаево,Региональный,2017,26,3,11.54,56.28
Менделеевск,Региональный,2016,,0,,87.71
Бугульма,Муниципальный,2017,10,2,20.0,52.77
Мамадыш,Заключительный,2024,14,1,7.14,52.5
Балтаси,Заключительный,2017.0,19,2,ошибка,70.04
Мамадыш,Региональный,2018,195,,,63.77
Арск,Муниципальный,2021,,0,ошибка,88.55
Зеленодольск,Школьный,2022,93,22,ошибка,47.57
Заинск,Заключительный,2024,55,23,41.82,52.44
Набережные Челны,Школьный,2023,199,28,14.07,74.62
Апастово,Региональный,2015,67,,,92.73
Буинск,Региональный,2020,50,16,32.0,
Елабуга,Школьный,2018,10,5,50.0,88.68
Набережные Челны,Региональный,2016,43,17,39.53,90.66
Апастово,Школьный,2024,196,74,37.76,50.25
Набережные Челны,Региональный,2024,92,28,ошибка,
Арск,Школьный,2017,32,6,18.75,57.59
Бавлы,Школьный,2015,89,31,34.83,51.86
Тетюши,Заключительный,2015,152,57,37.5,40.19
Буинск,Региональный,2022,38,9,23.68,47.99
Казань,Школьный,2015,110,1,0.91,48.26
Апастово,Региональный,2016,161,32,19.88,52.68
Бугульма,Школьный,2021,190,48,25.26,ошибка
Азнакаево,Муниципальный,2016.0,65,29,ошибка,63.34
Азнакаево,Школьный,2019,131,23,17.56,
Заинск,Региональный,2023.0,59,6,10.17,78.47
Кукмор,Школьный,2018,124,7,ошибка,42.46
Мамадыш,Заключительный,2018,,0,,58.77
Буинск,Заключительный,2015,165,23,ошибка,67.19
Апастово,Школьный,2017,126,25,19.84,-1
Альметьевск,Заключительный,2021,154,55,35.71,64.74
Мамадыш,Заключительный,2017,65,4,6.15,99.76
Мамадыш,Региональный,2018,189,63,33.33,73.63
Балтаси,Школьный,2015,174,61,35.06,74.92
Тетюши,Муниципальный,2019,140,14,10.0,62.9
Кукмор,Региональный,2017,122,11,ошибка,47.08
Менделеевск,Муниципальный,2019,ошибка,0,,60.31
Елабуга,Региональный,2018,176,31,ошибка,50.18
Балтаси,Муниципальный,2024,187,35,ошибка,41.88
Арск,Региональный,2020,98,20,20.41,87.57
Арск,Школьный,2024.0,78,8,10.26,64.27
Заинск,Муниципальный,2019,178,28,15.73,42.5
Казань,Муниципальный,2019,115,8,ошибка,60.8
Мамадыш,Школьный,2020,156,55,35.26,73.52
Балтаси,Школьный,2021,143,71,49.65,ошибка
Казань,Заключительный,2015,32,7,21.88,ошибка
Заинск,Заключительный,2023,160,53,ошибка,79.06
Арск,Школьный,2015,126,ошибка,,63.53
Буинск,Региональный,2021.0,194,72,37.11,57.41
Заинск,Региональный,2016,106,32,30.19,49.05
Апастово,Школьный,2021,174,13,7.47,77.61
Казань,Школьный,2022.0,179,,,
Бавлы,Региональный,2022,146,59,ошибка,40.87
Альметьевск,Заключительный,2022,132,1,ошибка,86.49
Арск,Школьный,2016,70,11,15.71,66.69
Агрыз,Региональный,2017,143,36,25.17,87.95
Лениногорск,Муниципальный,2019,190,,,84.48
Арск,Региональный,2022,75,,,42.25
Тетюши,Школьный,2023,105,24,22.86,
Мамадыш,Заключительный,2023,10,2,20.0,54.56
Тетюши,Школьный,2021,188,35,18.62,51.01
Мамадыш,Школьный,2019,119,1,0.84,45.95
Набережные Челны,Региональный,2023,154,19,12.34,73.66
Менделеевск,Школьный,2020,12,4,33.33,59.21
Буинск,Заключительный,2022,108,26,24.07,69.77
Менделеевск,Заключительный,2020,20,4,ошибка,99.43
Лениногорск,Заключительный,2020,,0,,94.88
Балтаси,Муниципальный,2020,169,42,24.85,50.68
Азнакаево,Школьный,2023,139,ошибка,,91.2
Казань,Заключительный,2021,83,26,31.33,ошибка
Арск,Региональный,2022,163,56,34.36,93.72
Набережные Челны,Школьный,2016,50,22,44.0,75.7
Арск,Региональный,2017,60,2,3.33,90.92
Заинск,Заключительный,2019,,0,ошибка,78.48
Бавлы,Заключительный,2023,14,1,7.14,92.56
Чистополь,Региональный,2017,ошибка,0,,80.58
Арск,Школьный,2022,140,59,42.14,47.09
Агрыз,Заключительный,2016,147,21,14.29,97.92
Бугульма,Региональный,2019,176,85,48.3,-1
Заинск,Заключительный,2020,20,1,5.0,45.64
Елабуга,Региональный,2023,187,79,42.25,
Бавлы,Школьный,2015,146,38,ошибка,
Менделеевск,Региональный,2021,25,1,ошибка,
Лениногорск,Заключительный,2021,133,2,1.5,47.72
Чистополь,Муниципальный,2015,133,ошибка,,91.64
Лениногорск,Заключительный,2016,57,11,ошибка,66.02
Менделеевск,Муниципальный,2019,195,19,9.74,78.27
Елабуга,Школьный,2015.0,,ошибка,,91.18
Бугульма,Региональный,2024,180,31,ошибка,79.14
Арск,Региональный,2022,87,,,46.75
Азнакаево,Региональный,2017,197,37,18.78,66.83
Тетюши,Региональный,2017,99,15,15.15,95.12
Бавлы,Муниципальный,2020,87,21,24.14,79.3
Мамадыш,Школьный,2022,,0,,62.27
Менделеевск,Школьный,2024,12,5,41.67,68.44
Азнакаево,Региональный,2017.0,78,28,ошибка,74.26
Набережные Челны,Муниципальный,2021,122,23,18.85,93.1
Кукмор,Школьный,2021,86,42,48.84,83.68
Лениногорск,Региональный,2019,182,66,36.26,92.62
Бавлы,Заключительный,2023,92,5,5.43,65.86
Бавлы,Школьный,2018,178,9,5.06,62.2
Балтаси,Школьный,2016,10,2,20.0,70.02
Менделеевск,Муниципальный,2019,102,20,19.61,99.66
Бавлы,Муниципальный,2019,,0,,94.11
Кукмор,Школьный,2016,49,11,22.45,96.09
Заинск,Региональный,2015,109,38,ошибка,51.06
Лениногорск,Заключительный,2017.0,55,20,36.36,58.1
Бугульма,Региональный,2017,68,10,14.71,47.92
Казань,Школьный,2019,77,17,22.08,96.9
Кукмор,Муниципальный,2020,15,2,ошибка,97.04
Менделеевск,Школьный,2018,ошибка,0,,60.65
Казань,Заключительный,2020,93,43,46.24,72.84
Заинск,Школьный,2024,26,5,19.23,59.14
Кукмор,Муниципальный,2024,54,2,ошибка,60.89
Кукмор,Заключительный,2020,,0,ошибка,47.46
Елабуга,Региональный,2015,25,2,8.0,67.55
Елабуга,Заключительный,2016,190,2,1.05,66.46
Кукмор,Региональный,2021,167,12,7.19,89.44
Мамадыш,Школьный,2021,196,85,43.37,43.46
Тетюши,Региональный,2017,101,11,10.89,85.22
Набережные Челны,Муниципальный,2024,92,31,ошибка,73.12
Кукмор,Муниципальный,2016,185,90,ошибка,85.02
Агрыз,Муниципальный,2018,155,38,24.52,40.46
Апастово,Заключительный,2017,173,21,12.14,83.28
Балтаси,Заключительный,2023.0,175,24,13.71,57.45
Тетюши,Школьный,2023,64,2,3.12,85.87
Балтаси,Школьный,2024,87,35,40.23,61.59
Бугульма,Заключительный,2018,145,61,42.07,97.53
Чистополь,Школьный,2022,,0,ошибка,58.85
Мамадыш,Школьный,2024,102,,,60.62
Чистополь,Региональный,2017,83,36,43.37,
Заинск,Заключительный,2015.0,162,51,31.48,48.41
Буинск,Региональный,2023,59,22,37.29,98.03
Арск,Региональный,2015,118,42,35.59,80.53
Набережные Челны,Школьный,2020,196,57,29.08,87.66
Арск,Заключительный,2023,118,22,18.64,95.94
Агрыз,Региональный,2017,52,19,ошибка,
Агрыз,Муниципальный,2022,154,34,22.08,
Заинск,Школьный,2024.0,94,26,27.66,91.06
Альметьевск,Школьный,2015.0,24,5,20.83,49.3
Кукмор,Региональный,2023,168,84,50.0,47.26
Мамадыш,Школьный,2023,126,1,ошибка,88.8
Казань,Школьный,2015,147,,,
Мамадыш,Региональный,2019,55,18,32.73,92.5
Зеленодольск,Школьный,2020,74,8,10.81,78.53
Кукмор,Заключительный,2021,141,,,96.0
Кукмор,Региональный,2017,,0,ошибка,41.3
Буинск,Муниципальный,2016,,0,,85.3
Арск,Заключительный,2023,123,41,33.33,95.21
Альметьевск,Муниципальный,2022,136,47,ошибка,56.22
Балтаси,Школьный,2022,49,,ошибка,71.23
Зеленодольск,Школьный,2017,22,0,,75.33
Бавлы,Муниципальный,2018,162,66,40.74,67.92
Балтаси,Заключительный,2024,19,3,ошибка,55.74
Мамадыш,Муниципальный,2024,41,17,ошибка,50.98
Апастово,Муниципальный,2020,110,4,3.64,-1
Зеленодольск,Заключительный,2018,44,13,29.55,93.31
Набережные Челны,Региональный,2021,42,ошибка,,85.82
Казань,Региональный,2016,,0,,78.97
Кукмор,Заключительный,2016,109,,,60.99
Кукмор,Школьный,2017.0,182,,,72.29
Мамадыш,Заключительный,2019,73,28,38.36,77.33
Балтаси,Заключительный,2016,,0,,49.21
Агрыз,Школьный,2024,29,12,41.38,73.21
Казань,Муниципальный,2017,90,34,37.78,63.14
Бавлы,Региональный,2018,24,3,12.5,
Альметьевск,Муниципальный,2017,,0,,72.97
Азнакаево,Заключительный,2024,51,20,39.22,80.23
Лениногорск,Заключительный,2021,130,31,23.85,91.67
Апастово,Муниципальный,2021.0,110,29,26.36,47.15
Бавлы,Школьный,2022,67,4,5.97,51.21
Заинск,Муниципальный,2018,92,16,17.39,87.28
Набережные Челны,Заключительный,2019,191,27,14.14,61.71
Буинск,Региональный,2017,97,,,79.57
Набережные Челны,Региональный,2021,58,6,10.34,83.74
Зеленодольск,Региональный,2018,41,5,12.2,66.47
Менделеевск,Школьный,2024,57,,,53.98
Заинск,Муниципальный,2018,154,66,42.86,94.96
Казань,Региональный,2018,180,72,40.0,58.25
Менделеевск,Заключительный,2019,143,59,ошибка,44.9
Азнакаево,Муниципальный,2018,129,24,18.6,ошибка
Заинск,Региональный,2018,,0,,48.84
Мамадыш,Школьный,2022,42,2,4.76,46.56
Агрыз,Региональный,2021,172,31,18.02,75.7
Азнакаево,Заключительный,2023,93,3,3.23,71.3
Зеленодольск,Муниципальный,2024,126,48,38.1,94.0
Елабуга,Региональный,2019.0,,0,,95.61
Менделеевск,Школьный,2020,126,38,30.16,71.95
Зеленодольск,Школьный,2020.0,21,10,ошибка,42.61
Тетюши,Школьный,2020,105,4,3.81,83.73
Чистополь,Заключительный,2021,66,30,45.45,41.54
Мамадыш,Школьный,2017,197,68,34.52,68.84
Азнакаево,Заключительный,2021,97,20,20.62,64.43
Мамадыш,Школьный,2017,37,7,18.92,
Чистополь,Заключительный,2019,14,6,42.86,62.12
Менделеевск,Региональный,2022,17,7,41.18,54.74
Мамадыш,Региональный,2022,,0,,68.31
Агрыз,Школьный,2023,164,12,ошибка,61.21
Елабуга,Заключительный,2016,41,9,ошибка,91.26
Агрыз,Заключительный,2022,17,6,ошибка,
Чистополь,Заключительный,2016,14,,,45.56
Арск,Школьный,2023,27,11,40.74,82.4
Азнакаево,Школьный,2020,188,60,31.91,63.66
Зеленодольск,Муниципальный,2019,41,15,36.59,86.37
Бавлы,Муниципальный,2024,173,36,20.81,56.98
Лениногорск,Региональный,2023,13,5,38.46,76.32
Елабуга,Заключительный,2021,44,9,20.45,72.32
Елабуга,Заключительный,2024,23,4,17.39,82.3
Мамадыш,Муниципальный,2018,65,18,27.69,78.6
Бугульма,Региональный,2020,119,11,9.24,70.01
Набережные Челны,Заключительный,2016,167,75,ошибка,52.53
Апастово,Муниципальный,2017,36,0,,87.86
Агрыз,Заключительный,2017,ошибка,0,,68.12
Менделеевск,Школьный,2021,,0,,92.62
Буинск,Заключительный,2019,179,59,ошибка,92.18
Елабуга,Региональный,2023,40,0,,
Зеленодольск,Муниципальный,2024,200,54,27.0,61.69
Буинск,Школьный,2016,39,1,2.56,83.33
Агрыз,Региональный,2019,75,13,17.33,82.32
Лениногорск,Муниципальный,2022,61,29,47.54,84.51
Тетюши,Региональный,2017,101,21,20.79,77.7
Кукмор,Заключительный,2020,191,23,12.04,67.62
Мамадыш,Школьный,2017,142,10,7.04,ошибка
Набережные Челны,Муниципальный,2022,102,13,12.75,93.08
Менделеевск,Региональный,2021,120,24,20.0,95.18
Азнакаево,Муниципальный,2021,149,30,20.13,91.92
Балтаси,Заключительный,2018,29,,,76.41
Казань,Школьный,2024,,0,ошибка,53.23
Азнакаево,Региональный,2019,74,21,28.38,79.37
Тетюши,Муниципальный,2024,14,5,35.71,59.4
Агрыз,Школьный,2022,181,47,25.97,45.45
Буинск,Региональный,2021,74,,,64.13
Азнакаево,Заключительный,2019.0,191,14,7.33,61.54
Заинск,Школьный,2020,115,40,ошибка,49.29
Лениногорск,Муниципальный,2018,139,36,ошибка,71.87
Азнакаево,Школьный,2015,69,29,42.03,84.98
Кукмор,Муниципальный,2021,32,16,50.0,
Агрыз,Региональный,2021,168,44,26.19,93.64
Буинск,Региональный,2020,148,,ошибка,97.23
Заинск,Муниципальный,2023,73,26,35.62,
Тетюши,Заключительный,2015,59,21,ошибка,60.42
